hsa-miR-122-5p,SLC7A1
hsa-miR-122-5p,ADAM17
hsa-miR-122-5p,NUMBL
hsa-miR-122-5p,FOXJ3
hsa-miR-122-5p,XPO6
hsa-miR-122-5p,G6PC3
hsa-miR-122-5p,DSTYK
hsa-miR-122-5p,TPD52L2
hsa-miR-122-5p,MAPK11
hsa-miR-122-5p,FAM117B
hsa-miR-122-5p,ATP1A2
hsa-miR-122-5p,DUSP2
hsa-miR-122-5p,AACS
hsa-miR-122-5p,TBX19
hsa-miR-122-5p,EGLN3
hsa-miR-122-5p,NCAM1
hsa-miR-122-5p,MECP2
hsa-miR-122-5p,RAB6B
hsa-miR-143-3p,FNDC3B
hsa-miR-29a-3p,S100B
hsa-miR-29b-3p,S100B
hsa-let-7i-5p,TLR4
hsa-miR-203a-3p,ABL1
hsa-miR-29a-3p,DNMT3A
hsa-miR-29b-3p,DNMT3A
hsa-miR-29c-3p,DNMT3A
hsa-miR-29a-3p,DNMT3B
hsa-miR-29b-3p,DNMT3B
hsa-miR-29c-3p,DNMT3B
hsa-miR-17-5p,RUNX1
hsa-miR-20a-5p,RUNX1
hsa-miR-106a-5p,RUNX1
hsa-miR-17-5p,MEF2D
hsa-miR-17-5p,MAP3K12
hsa-miR-20a-5p,MEF2D
hsa-miR-20a-5p,MAP3K12
hsa-miR-155-5p,TP53INP1
hsa-miR-122-5p,CCNG1
hsa-miR-126-3p,CRK
hsa-miR-429,RERE
hsa-miR-200b-3p,RERE
hsa-let-7c-5p,MYC
hsa-let-7a-5p,TRIM71
hsa-let-7c-5p,TRIM71
hsa-let-7a-5p,FOXA1
hsa-let-7a-5p,VDR
hsa-miR-378a-5p,SUFU
hsa-miR-21-5p,NFIB
hsa-miR-16-5p,CCNE1
hsa-miR-34b-5p,CREB1
hsa-miR-1-3p,PGM2
hsa-miR-1-3p,NETO2
hsa-miR-1-3p,SRXN1
hsa-miR-16-5p,HMGA1
hsa-miR-1-3p,ADAR
hsa-miR-200b-3p,ETS1
hsa-miR-488-5p,AR
hsa-miR-107,MYB
hsa-miR-15a-5p,MYB
hsa-miR-141-3p,ZEB2
hsa-miR-23a-3p,HES1
hsa-miR-199b-5p,LAMC2
hsa-miR-199a-5p,EZH2
hsa-miR-147a,VEGFA
hsa-miR-134-5p,VEGFA
hsa-miR-140-5p,VEGFA
hsa-miR-29b-3p,VEGFA
hsa-miR-107,VEGFA
hsa-miR-24-3p,ACVR1B
hsa-miR-451a,MIF
hsa-miR-21-5p,BMPR2
hsa-miR-138-5p,SLC45A3
hsa-miR-449a,HDAC1
hsa-miR-210-3p,FGFRL1
hsa-miR-29a-3p,CD276
hsa-miR-103a-3p,GPD1
hsa-miR-16-5p,CCNT2
hsa-miR-16-5p,VEGFA
hsa-miR-15a-5p,TMEM184B
hsa-miR-10a-5p,USF2
hsa-miR-212-3p,MECP2
hsa-miR-9-5p,REST
hsa-miR-9-3p,RCOR1
hsa-miR-208a-3p,MED13
hsa-miR-15b-5p,CCNE1
hsa-miR-210-3p,RAD52
hsa-miR-373-3p,RAD52
hsa-miR-373-3p,RAD23B
hsa-miR-200c-3p,TUBB3
hsa-miR-424-5p,NFIA
hsa-miR-7-5p,EGFR
hsa-let-7b-5p,RPIA
hsa-miR-101-3p,EZH2
hsa-miR-126-3p,SLC45A3
hsa-miR-26a-5p,CCND2
hsa-miR-210-3p,EFNA3
hsa-miR-22-3p,BMP7
hsa-miR-182-5p,ADCY6
hsa-miR-96-5p,ADCY6
hsa-miR-133a-3p,CASP9
hsa-miR-1-3p,GJA1
hsa-miR-21-5p,TPM1
hsa-miR-199a-3p,MET
hsa-miR-155-5p,RHOA
hsa-miR-21-5p,RASA1
hsa-miR-221-3p,CDKN1C
hsa-miR-222-3p,CDKN1C
hsa-miR-30a-5p,BDNF
hsa-miR-135a-5p,APC
hsa-miR-135b-5p,APC
hsa-miR-9-5p,PRDM1
hsa-let-7a-5p,PRDM1
hsa-miR-106a-5p,APP
hsa-miR-520c-3p,APP
hsa-miR-210-3p,NPTX1
hsa-miR-29c-3p,COL4A1
hsa-miR-29c-3p,COL4A2
hsa-miR-126-3p,HOXA9
hsa-miR-145-5p,HOXA9
hsa-miR-193a-3p,PTK2
hsa-miR-21-5p,RECK
hsa-miR-122-5p,IGF1R
hsa-let-7b-5p,LIN28A
hsa-miR-183-5p,ITGB1
hsa-miR-196a-5p,HOXC8
hsa-miR-29a-3p,GLUL
hsa-miR-376a-5p,SRSF11
hsa-miR-185-5p,RHOA
hsa-miR-185-5p,CDC42
hsa-miR-222-3p,SOD2
hsa-miR-222-3p,MMP1
hsa-miR-34a-5p,YY1
hsa-miR-584-5p,ROCK1
hsa-miR-92b-3p,SLC15A1
hsa-miR-200c-3p,BMI1
hsa-miR-126-5p,SLC45A3
hsa-miR-93-5p,VEGFA
hsa-miR-155-5p,JADE1
hsa-miR-155-5p,LDOC1
hsa-miR-155-5p,TM6SF1
hsa-miR-224-5p,API5
hsa-miR-124-3p,RELA
hsa-miR-221-3p,BMF
hsa-miR-126-3p,VCAM1
hsa-miR-433-3p,FGF20
hsa-miR-29a-3p,PIK3R1
hsa-miR-93-5p,ITGB8
hsa-miR-34a-5p,MAGEA12
hsa-miR-34a-5p,MAGEA3
hsa-miR-34a-5p,MAGEA2
hsa-miR-20b-5p,CRIM1
hsa-miR-20b-5p,BAMBI
hsa-miR-626,SLC7A5
hsa-miR-802,MECP2
hsa-miR-155-5p,MECP2
hsa-miR-218-5p,SP1
hsa-miR-29b-3p,SP1
hsa-miR-203a-3p,TP63
hsa-miR-206,NOTCH3
hsa-miR-17-5p,VEGFA
hsa-miR-206,MET
hsa-miR-1-3p,MET
hsa-miR-150-5p,VEGFA
hsa-miR-195-5p,VEGFA
hsa-miR-214-3p,EZH2
hsa-miR-15b-5p,VEGFA
hsa-miR-15a-5p,VEGFA
hsa-miR-520g-3p,VEGFA
hsa-miR-378a-3p,VEGFA
hsa-miR-330-3p,VEGFA
hsa-miR-373-3p,LATS2
hsa-miR-34a-5p,AXIN2
hsa-miR-34a-5p,WNT1
hsa-let-7b-5p,CDC34
hsa-miR-15a-5p,CCNE1
hsa-miR-127-3p,PRDM1
hsa-miR-106a-5p,CDKN1A
hsa-miR-182-5p,RARG
hsa-miR-21-5p,MARCKS
hsa-miR-21-5p,LRRFIP1
hsa-miR-101-3p,FOS
hsa-miR-21-5p,TGFBI
hsa-miR-155-5p,APC
hsa-miR-17-5p,BCL2L11
hsa-miR-1-3p,HCN2
hsa-miR-133a-3p,HCN2
hsa-miR-133a-3p,CACNA1C
hsa-miR-9-5p,RAB34
hsa-miR-433-3p,GRB2
hsa-miR-92a-3p,TP63
hsa-miR-155-5p,SPI1
hsa-miR-125b-5p,VDR
hsa-miR-491-5p,BCL2L1
hsa-miR-155-5p,INPP5D
hsa-miR-155-5p,FGF7
hsa-miR-31-5p,FOXP3
hsa-miR-145-5p,MYC
hsa-miR-23b-3p,MET
hsa-miR-200a-3p,CTNNB1
hsa-miR-182-5p,FOXO3
hsa-miR-92b-3p,CDKN1C
hsa-miR-205-5p,LRP1
hsa-miR-545-3p,LRP1
hsa-miR-200b-3p,WASF3
hsa-miR-101-3p,PTGS2
hsa-miR-17-5p,PKD2
hsa-let-7b-5p,LIN28B
hsa-miR-143-3p,MAPK7
hsa-miR-346,IL18
hsa-miR-105-5p,TLR2
hsa-miR-199b-5p,SET
hsa-miR-223-3p,RHOB
hsa-miR-223-3p,NFIX
hsa-miR-7-5p,SNCA
hsa-miR-9-5p,NFKB1
hsa-miR-155-5p,JARID2
hsa-miR-128-3p,RELN
hsa-miR-128-3p,DCX
hsa-miR-1-3p,PIM1
hsa-miR-196a-5p,HOXB8
hsa-miR-196b-5p,HOXB8
hsa-miR-26a-5p,EZH2
hsa-let-7a-5p,DICER1
hsa-let-7d-5p,DICER1
hsa-miR-183-5p,EZR
hsa-miR-34a-5p,MYCN
hsa-miR-17-5p,PTPRO
hsa-miR-155-5p,ZIC3
hsa-miR-155-5p,HIVEP2
hsa-miR-155-5p,CEBPB
hsa-miR-155-5p,SMAD5
hsa-miR-205-5p,INPPL1
hsa-miR-184,INPPL1
hsa-miR-186-5p,P2RX7
hsa-miR-150-5p,P2RX7
hsa-miR-21-5p,SERPINB5
hsa-miR-21-5p,MTAP
hsa-miR-21-5p,SOX5
hsa-miR-148a-3p,DNMT3B
hsa-miR-126-3p,PIK3R2
hsa-miR-150-5p,MYB
hsa-miR-1-3p,HCN4
hsa-miR-34c-5p,CDK4
hsa-miR-34b-5p,CDK4
hsa-miR-34a-5p,CDK4
hsa-miR-34a-5p,DLL1
hsa-miR-34a-5p,MET
hsa-miR-34b-5p,MET
hsa-miR-34c-5p,MET
hsa-miR-34b-5p,MYC
hsa-miR-34c-5p,MYC
hsa-miR-21-5p,BTG2
hsa-miR-125b-5p,CYP24A1
hsa-miR-34a-5p,MYB
hsa-miR-330-3p,E2F1
hsa-miR-122-5p,RHOA
hsa-miR-143-3p,DNMT3A
hsa-miR-196a-5p,ANXA1
hsa-miR-326,NOTCH1
hsa-miR-223-3p,E2F1
hsa-miR-145-5p,YES1
hsa-miR-221-3p,ICAM1
hsa-miR-15b-5p,RECK
hsa-miR-373-3p,RECK
hsa-miR-302d-3p,TRPS1
hsa-miR-559,MTA1
hsa-miR-383-5p,VEGFA
hsa-miR-125a-5p,VEGFA
hsa-miR-361-5p,VEGFA
hsa-miR-661,MTA1
hsa-miR-20a-5p,VEGFA
hsa-miR-20b-5p,VEGFA
hsa-miR-504-5p,VEGFA
hsa-miR-520h,VEGFA
hsa-miR-145-5p,TMOD3
hsa-miR-372-3p,VEGFA
hsa-miR-302d-3p,KLF13
hsa-miR-106a-5p,VEGFA
hsa-miR-106b-5p,VEGFA
hsa-let-7e-5p,SMC1A
hsa-miR-16-5p,TPPP3
hsa-miR-372-3p,KLF13
hsa-miR-106b-5p,ITCH
hsa-miR-143-3p,KRAS
hsa-miR-221-3p,FOS
hsa-miR-222-3p,FOS
hsa-miR-151a-5p,ARHGDIA
hsa-let-7g-5p,BCL2L1
hsa-let-7c-5p,BCL2L1
hsa-miR-422a,CYP7A1
hsa-miR-422a,CYP8B1
hsa-miR-122-5p,CYP7A1
hsa-miR-34a-5p,NOTCH1
hsa-miR-34a-5p,JAG1
hsa-let-7a-5p,NKIRAS2
hsa-miR-125b-5p,NKIRAS2
hsa-miR-155-5p,FOXO3
hsa-miR-650,ING4
hsa-miR-7-5p,SRSF1
hsa-miR-483-3p,BBC3
hsa-miR-212-3p,PEA15
hsa-miR-221-3p,FOXO3
hsa-miR-222-3p,FOXO3
hsa-miR-101-3p,APP
hsa-miR-148a-3p,RPS6KA5
hsa-miR-184,AKT2
hsa-let-7d-5p,SLC11A2
hsa-miR-34a-5p,VEGFA
hsa-miR-23a-3p,ATAT1
hsa-miR-205-5p,VEGFA
hsa-miR-34b-3p,VEGFA
hsa-miR-302d-3p,VEGFA
hsa-miR-141-3p,STK3
hsa-miR-373-3p,VEGFA
hsa-miR-196a-5p,HOXB7
hsa-miR-7-5p,SLC7A5
hsa-miR-146a-5p,CXCR4
hsa-miR-372-3p,TRPS1
hsa-miR-148a-3p,DNMT1
hsa-miR-21-5p,RASGRP1
hsa-miR-125b-5p,PRDM1
hsa-miR-125b-5p,IRF4
hsa-miR-107,ARNT
hsa-miR-22-3p,TFRC
hsa-miR-33a-5p,NPC1
hsa-miR-33a-5p,ABCA1
hsa-miR-33b-5p,ABCA1
hsa-miR-126-3p,VEGFA
hsa-miR-205-5p,ERBB3
hsa-miR-302a-3p,CDK4
hsa-miR-296-5p,WNK4
hsa-miR-181a-5p,PROX1
hsa-miR-301a-3p,MEOX2
hsa-miR-92a-3p,ESR2
hsa-miR-130a-3p,CSF1
hsa-miR-302b-3p,CCND2
hsa-miR-145-5p,FSCN1
hsa-miR-125b-5p,GRIN2A
hsa-miR-145-5p,DFFA
hsa-miR-204-5p,MEIS2
hsa-miR-23b-5p,PRODH
hsa-miR-133a-3p,FSCN1
hsa-miR-372-3p,NR4A2
hsa-miR-302d-3p,NR4A2
hsa-miR-19a-3p,NR4A2
hsa-miR-302d-3p,ERBB4
hsa-miR-19a-3p,ERBB4
hsa-miR-1-3p,LARP4
hsa-miR-1-3p,TAGLN2
hsa-miR-1-3p,ATP6V1B2
hsa-miR-124-3p,ELK3
hsa-let-7a-5p,AGO4
hsa-miR-31-5p,CASR
hsa-miR-152-3p,DNMT1
hsa-miR-301b-3p,DNMT1
hsa-miR-1-3p,PPP2R5A
hsa-miR-198,CCNT1
hsa-let-7b-5p,IFNB1
hsa-miR-26a-5p,IFNB1
hsa-miR-145-5p,IFNB1
hsa-miR-34a-5p,IFNB1
hsa-miR-27b-3p,MMP13
hsa-let-7b-5p,NR2E1
hsa-miR-125b-5p,BMF
hsa-miR-27b-3p,ST14
hsa-miR-20a-5p,APP
hsa-miR-141-3p,ZFPM2
hsa-miR-200a-3p,ZFPM2
hsa-miR-200b-3p,ZFPM2
hsa-miR-200c-3p,ZFPM2
hsa-miR-429,ZFPM2
hsa-miR-21-5p,RHOB
hsa-miR-204-5p,SNAI2
hsa-miR-205-5p,MED1
hsa-miR-150-5p,EGR2
hsa-miR-29a-3p,COL4A1
hsa-miR-29a-3p,COL4A2
hsa-miR-10b-5p,KLF4
hsa-miR-181c-5p,NOTCH4
hsa-miR-181c-5p,KRAS
hsa-miR-7-5p,ABCC1
hsa-miR-345-5p,ABCC1
hsa-miR-26b-5p,PTGS2
hsa-miR-222-3p,PPP2R2A
hsa-miR-449a,CDC25A
hsa-miR-210-3p,DDAH1
hsa-miR-324-5p,SMO
hsa-miR-326,SMO
hsa-miR-125b-5p,SMO
hsa-miR-145-5p,MUC1
hsa-miR-1-3p,PAX3
hsa-miR-206,PAX3
hsa-miR-210-3p,MNT
hsa-miR-199a-5p,DDR1
hsa-miR-26a-5p,GSK3B
hsa-miR-155-5p,SMAD1
hsa-miR-155-5p,MYO10
hsa-miR-153-3p,SNCA
hsa-miR-221-3p,DDIT4
hsa-miR-224-5p,CDC42
hsa-miR-224-5p,CXCR4
hsa-miR-103a-3p,CCNE1
hsa-miR-103a-3p,CDK2
hsa-miR-103a-3p,CREB1
hsa-miR-30a-3p,THBS1
hsa-miR-30a-3p,SLC7A6
hsa-miR-125b-5p,LIN28A
hsa-let-7a-5p,LIN28A
hsa-miR-125a-5p,LIN28A
hsa-miR-107,NFIA
hsa-miR-21-5p,NCAPG
hsa-miR-21-5p,RTN4
hsa-miR-1-3p,KCNE1
hsa-miR-569,SPI1
hsa-miR-24-3p,MYC
hsa-miR-24-3p,E2F2
hsa-miR-24-3p,AURKB
hsa-miR-24-3p,POLD1
hsa-miR-24-3p,CDK4
hsa-miR-24-3p,CCNA2
hsa-miR-24-3p,FEN1
hsa-miR-192-5p,TRAPPC2B
hsa-miR-27b-3p,TRAPPC2B
hsa-miR-603,TRAPPC2B
hsa-miR-532-5p,TRAPPC2B
hsa-miR-200a-3p,TRAPPC2B
hsa-miR-141-3p,TRAPPC2B
hsa-miR-769-5p,TRAPPC2B
hsa-miR-122-5p,ADAM10
hsa-miR-122-5p,SRF
hsa-miR-146b-5p,MMP16
hsa-miR-124-3p,IQGAP1
hsa-miR-296-5p,HGS
hsa-miR-92a-3p,BMPR2
hsa-miR-19b-3p,BMPR2
hsa-miR-19a-3p,BMPR2
hsa-miR-20a-5p,BMPR2
hsa-miR-17-5p,BMPR2
hsa-miR-18a-3p,KRAS
hsa-miR-133b,PITX3
hsa-miR-196a-5p,KRT5
hsa-miR-196a-5p,S100A9
hsa-miR-1-3p,CAND1
hsa-miR-223-3p,STMN1
hsa-miR-100-5p,PLK1
hsa-miR-223-3p,LMO2
hsa-miR-184,NFATC2
hsa-miR-106a-5p,IL10
hsa-miR-124-3p,NFKBIZ
hsa-miR-16-5p,CAPRIN1
hsa-miR-1-3p,SERP1
hsa-miR-30c-5p,UBE2I
hsa-miR-30e-5p,UBE2I
hsa-miR-1-3p,POGK
hsa-miR-181b-5p,TCL1A
hsa-miR-29b-3p,TCL1A
hsa-miR-125a-5p,ERBB3
hsa-miR-196a-5p,HOXD8
hsa-miR-34b-3p,MYC
hsa-miR-21-5p,JMY
hsa-miR-98-5p,SOCS4
hsa-miR-21-5p,DAXX
hsa-miR-21-5p,TP53BP2
hsa-miR-21-5p,TP63
hsa-miR-21-5p,TGFBR3
hsa-miR-21-5p,APAF1
hsa-miR-21-5p,PPIF
hsa-miR-126-3p,SPRED1
hsa-miR-125a-5p,KLF13
hsa-miR-103a-3p,DICER1
hsa-miR-107,DICER1
hsa-miR-155-5p,ETS1
hsa-miR-155-5p,MEIS1
hsa-miR-125a-5p,BAK1
hsa-miR-663a,JUNB
hsa-miR-663a,JUND
hsa-miR-149-3p,AKT1
hsa-miR-149-3p,E2F1
hsa-miR-93-5p,TP53INP1
hsa-miR-130b-3p,TP53INP1
hsa-miR-18a-5p,HSF2
hsa-miR-17-5p,E2F1
hsa-miR-20a-5p,E2F1
hsa-miR-221-3p,BBC3
hsa-miR-222-3p,BBC3
hsa-miR-126-3p,SOX2
hsa-miR-223-3p,NFIA
hsa-miR-127-3p,BCL6
hsa-miR-146a-5p,TRAF6
hsa-miR-146b-5p,TRAF6
hsa-miR-146b-5p,IRAK1
hsa-miR-146a-5p,IRAK1
hsa-miR-17-5p,NCOA3
hsa-miR-206,TPPP
hsa-miR-125b-5p,ERBB3
hsa-let-7a-5p,IL6
hsa-miR-125a-5p,ELAVL1
hsa-miR-378a-3p,NPNT
hsa-miR-378a-3p,GALNT7
hsa-miR-27a-3p,THRB
hsa-miR-214-3p,MAP2K3
hsa-miR-29b-3p,ADAM12
hsa-miR-29a-3p,ADAMTS9
hsa-miR-29b-3p,NID1
hsa-miR-302b-3p,BMI1
hsa-miR-302d-3p,CDK2
hsa-miR-302d-3p,CCND2
hsa-miR-96-5p,FOXO3
hsa-miR-16-5p,MYB
hsa-miR-31-5p,DMD
hsa-miR-340-5p,MET
hsa-miR-885-5p,CDK2
hsa-miR-885-5p,MCM5
hsa-let-7a-5p,E2F2
hsa-let-7a-5p,CCND2
hsa-miR-378a-3p,TOB2
hsa-miR-138-5p,EID1
hsa-miR-1226-3p,MUC1
hsa-miR-22-3p,MYCBP
hsa-miR-10b-5p,NF1
hsa-miR-26b-5p,EPHA2
hsa-miR-10a-5p,MAP3K7
hsa-miR-27a-3p,SPRY2
hsa-let-7b-5p,PRDM1
hsa-let-7f-5p,PRDM1
hsa-miR-193b-3p,ETS1
hsa-miR-409-3p,FGB
hsa-miR-326,PKM
hsa-miR-204-5p,THRB
hsa-miR-23a-3p,IL6R
hsa-miR-1258,HPSE
hsa-miR-1-3p,TWF1
hsa-miR-126-3p,TWF1
hsa-miR-208a-3p,ETS1
hsa-miR-185-5p,SIX1
hsa-miR-15a-5p,CHUK
hsa-miR-16-5p,CHUK
hsa-miR-223-3p,CHUK
hsa-miR-302a-3p,LEFTY1
hsa-miR-205-5p,IL24
hsa-miR-146a-5p,FAS
hsa-miR-181b-5p,CYLD
hsa-miR-193a-5p,TP73
hsa-miR-485-3p,NFYB
hsa-miR-29a-3p,ITGA11
hsa-miR-448,SATB1
hsa-miR-24-1-5p,SLITRK1
hsa-miR-145-5p,MYRF
hsa-miR-145-5p,CPEB4
hsa-miR-145-5p,CBFB
hsa-miR-138-5p,IGF1R
hsa-miR-522-3p,SOX2
hsa-miR-21-5p,ISCU
hsa-miR-9-5p,NR2E1
hsa-miR-145-5p,SOX2
hsa-miR-145-5p,KLF4
hsa-miR-101-5p,PRKDC
hsa-miR-126-3p,PTPN7
hsa-miR-126-5p,PTPN7
hsa-miR-126-3p,DNMT1
hsa-miR-21-5p,MEF2C
hsa-miR-125b-5p,IGF2
hsa-miR-150-5p,IGF2
hsa-miR-214-3p,PLXNB1
hsa-miR-24-3p,DND1
hsa-miR-181a-5p,BCL2L11
hsa-miR-21-5p,EIF4A2
hsa-miR-21-5p,ANKRD46
hsa-miR-616-3p,TFPI2
hsa-miR-9-5p,CDX2
hsa-miR-204-5p,CDX2
hsa-miR-125b-5p,LIN28B
hsa-miR-21-5p,SPRY2
hsa-miR-106b-5p,TCEAL1
hsa-miR-144-3p,NOTCH1
hsa-miR-155-5p,SMAD2
hsa-miR-199a-5p,MAP3K11
hsa-miR-31-5p,DKK1
hsa-miR-31-5p,DACT3
hsa-miR-101-3p,DUSP1
hsa-miR-155-5p,MYB
hsa-miR-155-5p,SKI
hsa-miR-424-5p,MYB
hsa-miR-424-5p,SIAH1
hsa-miR-194-5p,CDH2
hsa-miR-26a-5p,MTDH
hsa-miR-424-5p,CUL2
hsa-miR-211-5p,KCNMA1
hsa-miR-21-5p,IL1B
hsa-miR-21-5p,ICAM1
hsa-miR-21-5p,PLAT
hsa-miR-21-5p,PTX3
hsa-miR-21-5p,TNFAIP3
hsa-miR-21-5p,CCR1
hsa-miR-21-5p,CDK2AP1
hsa-miR-373-3p,MBD2
hsa-miR-15a-5p,WNT3A
hsa-miR-15a-5p,FGF7
hsa-miR-214-3p,ING4
hsa-miR-92a-3p,CDH1
hsa-miR-203a-3p,ZEB2
hsa-miR-203a-3p,DLX5
hsa-miR-593-5p,PLK1
hsa-miR-221-3p,ETS1
hsa-miR-222-3p,ETS1
hsa-miR-613,NR1H3
hsa-miR-98-5p,EZH2
hsa-miR-155-5p,RNF123
hsa-miR-218-5p,RICTOR
hsa-miR-125b-5p,BAK1
hsa-miR-22-3p,NCOA1
hsa-miR-140-3p,NRIP1
hsa-miR-29a-3p,SAPCD2
hsa-miR-155-5p,SOX6
hsa-miR-150-5p,MUC4
hsa-miR-125b-5p,TP53INP1
hsa-miR-191-5p,NDST1
hsa-miR-122-5p,PRKRA
hsa-miR-125b-5p,PPP1CA
hsa-miR-125b-5p,PRKRA
hsa-miR-491-5p,MMP9
hsa-miR-224-5p,DIO1
hsa-miR-383-5p,DIO1
hsa-miR-708-5p,BMI1
hsa-miR-708-5p,ZEB2
hsa-miR-708-5p,BIRC5
hsa-miR-216b-5p,KRAS
hsa-miR-99a-5p,IGF1R
hsa-miR-99a-5p,MTOR
hsa-miR-637,SP7
hsa-miR-125b-5p,CBFB
hsa-miR-101-3p,STMN1
hsa-miR-101-3p,ATG4D
hsa-miR-483-5p,SRF
hsa-miR-520c-3p,MTOR
hsa-miR-373-3p,MTOR
hsa-miR-200b-3p,RNF2
hsa-miR-200c-3p,RNF2
hsa-miR-200b-3p,BMI1
hsa-miR-181a-5p,RNF2
hsa-miR-181b-5p,RNF2
hsa-miR-203a-3p,BMI1
hsa-miR-34c-5p,NOTCH4
hsa-miR-124-3p,SNAI2
hsa-miR-519d-3p,TIMP2
hsa-miR-519d-3p,CDKN1A
hsa-miR-21-5p,CCL20
hsa-miR-302a-3p,TOB2
hsa-miR-155-5p,JUN
hsa-miR-22-3p,ERBB3
hsa-miR-34a-5p,PDGFRA
hsa-miR-483-5p,MAPK3
hsa-miR-140-5p,PDGFRA
hsa-miR-34a-5p,NANOG
hsa-miR-34a-5p,SOX2
hsa-miR-34b-3p,MYCN
hsa-miR-34c-5p,MYCN
hsa-miR-34b-3p,SOX2
hsa-miR-34c-5p,SOX2
hsa-miR-34c-5p,NANOG
hsa-miR-34b-3p,NANOG
hsa-miR-124-3p,AHR
hsa-miR-372-3p,LATS2
hsa-miR-219a-5p,GPC3
hsa-miR-181b-5p,TMED7
hsa-miR-519a-3p,CDKN1A
hsa-miR-195-5p,SLC2A3
hsa-miR-21-5p,SP1
hsa-miR-223-3p,FBXW7
hsa-miR-223-3p,IGF1R
hsa-miR-195-5p,CDK4
hsa-miR-181a-5p,RALA
hsa-miR-34a-5p,IMPDH2
hsa-miR-203a-3p,BIRC5
hsa-miR-130a-3p,DICER1
hsa-miR-130a-3p,ATG2B
hsa-miR-155-5p,CSNK1A1
hsa-miR-130b-3p,UVRAG
hsa-miR-182-5p,CREB1
hsa-miR-30c-1-3p,HMBOX1
hsa-miR-23a-3p,PPARGC1A
hsa-miR-23a-3p,FOXO3
hsa-miR-34a-5p,ULBP2
hsa-miR-34c-5p,ULBP2
hsa-miR-21-5p,PIAS3
hsa-miR-34b-3p,JAG1
hsa-miR-10b-5p,PIEZO1
hsa-miR-26a-5p,HMGA1
hsa-miR-138-5p,CCND3
hsa-miR-34a-5p,SYT1
hsa-miR-34a-5p,STX1A
hsa-miR-26b-5p,CCNE1
hsa-miR-26a-5p,CCNE1
rno-miR-200c-3p,FHOD1
rno-miR-200c-3p,PPM1F
hsa-miR-30a-5p,SMAD1
hsa-miR-30b-5p,SMAD1
hsa-miR-30c-5p,SMAD1
hsa-miR-30d-5p,SMAD1
hsa-miR-21-5p,DUSP10
hsa-miR-30b-5p,BCL6
hsa-miR-210-3p,AIFM3
hsa-miR-194-5p,SOX5
hsa-miR-34b-3p,MET
hsa-miR-542-5p,EGFR
hsa-miR-106a-5p,FAS
hsa-miR-145-5p,IRS2
hsa-miR-20b-5p,EPHB4
hsa-miR-192-5p,ACVR2B
hsa-miR-215-5p,ACVR2B
hsa-miR-194-5p,ACVR2B
hsa-miR-141-3p,ACVR2B
hsa-miR-200c-3p,ACVR2B
hsa-miR-204-5p,FOXC1
hsa-miR-204-5p,EZR
hsa-miR-95-3p,SNX1
hsa-miR-211-5p,POU3F2
hsa-miR-27a-3p,FBXW7
hsa-miR-451a,MYC
hsa-miR-143-3p,FHIT
hsa-miR-331-3p,FHIT
hsa-miR-625-5p,FHIT
hsa-miR-10b-5p,BCL2L11
hsa-miR-10b-5p,TFAP2C
hsa-miR-10b-5p,CDKN1A
hsa-miR-142-3p,RAC1
hsa-miR-181b-5p,CBX7
hsa-miR-29a-3p,TNFAIP3
hsa-miR-125b-5p,ETS1
hsa-miR-138-5p,PTK2
hsa-miR-193a-3p,PRAP1
hsa-miR-193b-3p,PRAP1
hsa-miR-181a-5p,PRAP1
hsa-miR-98-5p,IL13
hsa-let-7d-5p,IL13
hsa-let-7g-5p,IL13
hsa-let-7f-5p,IL13
hsa-let-7i-5p,IL13
hsa-miR-106a-5p,E2F1
hsa-miR-122-5p,WNT1
hsa-miR-100-5p,IGF1R
hsa-miR-125b-5p,RPS6KA1
hsa-miR-27a-3p,IGF1
hsa-miR-200c-3p,MSN
hsa-miR-200c-3p,NTRK2
hsa-miR-296-5p,SCRIB
hsa-miR-200a-3p,ZEB2
hsa-miR-342-3p,DNMT1
hsa-miR-22-3p,TCEAL1
hsa-miR-449a,NOTCH1
hsa-miR-126-3p,KRAS
hsa-miR-124-3p,AR
hsa-miR-409-3p,PHF10
hsa-miR-25-3p,CCL26
hsa-miR-338-3p,SMO
hsa-miR-22-3p,PTMS
hsa-miR-143-3p,MACC1
hsa-miR-128-3p,BMI1
hsa-miR-708-5p,AKT2
hsa-miR-124-3p,ROCK2
hsa-miR-124-3p,EZH2
hsa-miR-181a-5p,DUSP6
hsa-miR-181a-5p,DUSP5
hsa-miR-181a-5p,PTPN22
hsa-miR-29a-3p,PPP1R13B
hsa-miR-29b-3p,PPP1R13B
hsa-miR-29c-3p,PPP1R13B
hsa-miR-29b-3p,CDC42
hsa-miR-29c-3p,CDC42
hsa-miR-29a-3p,CDC42
hsa-miR-145-5p,ITGB8
hsa-miR-125b-5p,PIGF
hsa-miR-203a-3p,CREB1
hsa-miR-633,TGFB1
hsa-miR-125b-5p,BCL3
hsa-miR-331-3p,E2F1
hsa-miR-24-3p,FAF1
hsa-miR-27b-3p,VDR
hsa-miR-27b-3p,CYP3A4
hsa-miR-200b-3p,RND3
hsa-miR-21-5p,ANP32A
hsa-miR-124-3p,ITGB1
hsa-miR-27a-3p,PAX3
hsa-miR-27b-3p,PAX3
hsa-miR-146a-5p,TLR4
hsa-miR-451a,RAB14
hsa-miR-16-5p,ZYX
hsa-miR-383-5p,IRF1
hsa-miR-10a-5p,SRSF1
hsa-miR-10a-5p,TRA2B
hsa-miR-10b-5p,TRA2B
hsa-miR-10b-5p,SRSF1
hsa-miR-183-5p,EGR1
hsa-miR-34a-5p,FOSL1
hsa-miR-27b-3p,CCNT1
hsa-miR-29a-3p,PXDN
hsa-miR-29a-3p,BCL7A
hsa-miR-133b,FSCN1
hsa-miR-302a-3p,NR2F2
hsa-miR-199a-3p,SMARCA2
hsa-miR-199a-5p,SMARCA2
hsa-miR-16-5p,ARL2
hsa-miR-124-3p,HMGA1
hsa-miR-31-5p,SATB2
hsa-miR-106b-5p,EOMES
hsa-miR-296-5p,IKBKE
hsa-miR-622,KRAS
hsa-miR-214-3p,QKI
hsa-miR-19a-3p,TLR2
hsa-miR-19b-3p,TLR2
hsa-miR-129-5p,SOX4
hsa-miR-129-2-3p,SOX4
hsa-miR-133b,FAIM
hsa-miR-16-5p,NCOR2
hsa-miR-199a-3p,CAV2
hsa-miR-132-3p,HBEGF
hsa-miR-5787,ELF5
hsa-miR-210-3p,VMP1
hsa-miR-34a-5p,MYC
hsa-miR-148b-3p,CCKBR
hsa-miR-126-3p,SLC7A5
hsa-miR-296-5p,BBC3
hsa-miR-155-5p,IL13RA1
hsa-miR-103a-3p,KLF4
hsa-miR-107,KLF4
hsa-miR-185-5p,DNMT1
hsa-miR-499a-5p,FOXO4
hsa-miR-141-3p,NR0B2
hsa-miR-191-5p,SATB1
hsa-miR-100-5p,BMPR2
hsa-miR-376a-3p,PIK3R1
hsa-miR-129-2-3p,CCP110
hsa-miR-222-3p,RECK
hsa-miR-663a,TCEAL1
hsa-miR-372-3p,NFIB
hsa-miR-373-3p,NFIB
hsa-miR-16-1-3p,CCNE1
hsa-miR-19b-3p,BCL2L11
hsa-miR-19b-3p,PRKAA1
hsa-miR-19b-3p,PPP2R5E
hsa-miR-145-5p,SWAP70
hsa-miR-20a-5p,BAMBI
hsa-miR-20a-5p,CRIM1
hsa-miR-210-3p,ISCU
hsa-miR-378a-3p,CYP19A1
hsa-miR-30a-5p,SNAI1
hsa-miR-30b-5p,SNAI1
hsa-miR-30c-5p,SNAI1
hsa-miR-30d-5p,SNAI1
hsa-miR-30e-5p,SNAI1
hsa-miR-100-5p,CTDSPL
hsa-miR-372-3p,CDK2
hsa-miR-125a-3p,GPC4
hsa-miR-200c-3p,TIMP2
hsa-miR-200c-3p,VEGFA
hsa-miR-200c-3p,NCAM1
hsa-miR-124-3p,ROCK1
hsa-miR-124-3p,RHOG
hsa-miR-7-5p,PIK3CD
hsa-miR-198,MET
hsa-miR-9-5p,AP3B1
hsa-miR-9-5p,CCNG1
hsa-miR-497-5p,IGF1R
hsa-miR-19a-3p,TNF
hsa-miR-503-5p,CD40
hsa-miR-519d-3p,MKI67
hsa-miR-135a-5p,HOXA10
hsa-miR-16-5p,FGFR1
hsa-miR-199b-5p,PODXL
hsa-miR-199b-5p,DDR1
hsa-let-7a-5p,CCR7
hsa-miR-1285-3p,TGM2
hsa-miR-214-3p,GALNT7
hsa-miR-182-5p,FGF9
hsa-miR-182-5p,NTM
hsa-miR-32-5p,TRAF3
hsa-miR-210-3p,TFRC
hsa-miR-126-3p,PIK3CG
hsa-miR-9-5p,SRF
hsa-miR-200a-3p,SRF
hsa-miR-124-3p,PIK3CA
hsa-miR-7-5p,HOXB3
hsa-miR-218-5p,HOXB3
hsa-miR-222-3p,TRPS1
hsa-miR-221-3p,TRPS1
hsa-miR-125b-5p,IL6R
hsa-miR-125b-5p,STARD13
hsa-miR-100-5p,FLT1
hsa-miR-181a-5p,FOS
hsa-miR-518b,RAP1B
hsa-miR-1-3p,EDN1
hsa-miR-152-3p,IGF1R
hsa-miR-429,OSTF1
hsa-miR-136-5p,MTDH
hsa-miR-34a-5p,CCL22
hsa-miR-16-5p,PIM1
hsa-miR-144-3p,MTOR
hsa-miR-34a-5p,KLB
mmu-miR-24-2-5p,PRKCA
hsa-miR-200c-3p,ZEB2
hsa-miR-200c-3p,FLT1
hsa-miR-140-5p,DNMT1
hsa-miR-524-5p,JAG1
hsa-miR-524-5p,HES1
hsa-miR-7-5p,PTK2
hsa-miR-33a-5p,ABCB11
hsa-miR-145-5p,DDX17
hsa-miR-196a-5p,HOXA5
hsa-miR-15b-5p,IFNG
hsa-miR-29b-3p,BMP1
hsa-miR-29b-3p,NKIRAS2
hsa-miR-25-3p,EZH2
hsa-miR-30d-5p,EZH2
hsa-miR-155-5p,BCL6
hsa-miR-181d-5p,MGMT
hsa-miR-139-5p,IGF1R
hsa-let-7f-5p,CYP19A1
hsa-miR-148a-3p,ACVR1
hsa-miR-127-3p,KMT5A
hsa-miR-337-3p,STAT3
hsa-miR-185-5p,EPAS1
hsa-miR-376c-3p,IGF1R
hsa-miR-376a-3p,IGF1R
hsa-miR-302c-3p,BMPR2
hsa-miR-200c-3p,TBK1
hsa-miR-296-3p,KCNH1
hsa-miR-125b-5p,E2F2
hsa-miR-182-5p,CYLD
hsa-miR-494-3p,BCL2L11
hsa-miR-193b-3p,SHMT2
hsa-miR-125b-5p,MMP13
hsa-miR-195-5p,CDC42
hsa-miR-662,ING1
hsa-miR-224-5p,PEBP1
hsa-miR-124-3p,SMYD3
hsa-miR-149-5p,SP1
hsa-miR-615-5p,IGF2
hsa-miR-150-5p,NOTCH3
hsa-miR-148a-3p,TMED7
hsa-miR-200c-3p,PMAIP1
hsa-miR-376a-3p,CDK2
hsa-miR-376a-3p,AGO2
hsa-miR-10b-5p,MAPRE1
hsa-miR-615-3p,LCOR
hsa-miR-140-5p,DNPEP
hsa-miR-23b-3p,CHUK
hsa-miR-9-5p,ID2
hsa-miR-103a-3p,ID2
hsa-miR-182-5p,CCND2
hsa-miR-30b-5p,CAT
hsa-miR-133b,EGFR
hsa-miR-106b-5p,APC
hsa-miR-205-5p,E2F1
hsa-miR-205-5p,LAMC1
hsa-miR-122-5p,ZNF395
hsa-miR-223-3p,HSP90B1
hsa-miR-150-5p,EP300
hsa-miR-15a-5p,RECK
hsa-miR-101-3p,SOX9
hsa-miR-145-5p,ERG
hsa-miR-200c-3p,NTF3
hsa-miR-30a-5p,PIK3CD
hsa-miR-204-5p,SOX4
hsa-miR-29b-3p,CTNNBIP1
hsa-miR-29b-3p,DUSP2
hsa-miR-29b-3p,COL5A3
hsa-miR-135a-5p,MYC
hsa-miR-21-5p,FASLG
hsa-miR-98-5p,CCNJ
hsa-miR-145-5p,NRAS
hsa-miR-490-3p,ERGIC3
hsa-miR-204-5p,ALPL
hsa-miR-204-5p,SOST
hsa-miR-320d,RBFOX2
hsa-miR-644a,GAPDH
hsa-miR-644a,ACTB
hsa-miR-132-3p,CRK
hsa-miR-195-5p,CHUK
hsa-miR-302a-3p,AKT1
hsa-miR-302b-3p,AKT1
hsa-miR-302c-3p,AKT1
hsa-miR-302d-3p,AKT1
hsa-miR-18a-5p,DICER1
hsa-miR-143-3p,AKT1
hsa-miR-145-5p,ILK
hsa-miR-155-5p,NOS3
hsa-miR-429,SOX2
hsa-miR-93-5p,LATS2
hsa-miR-101-3p,DNMT3A
hsa-miR-205-5p,LRRK2
hsa-miR-34a-5p,PPP1R10
hsa-miR-495-3p,PBX3
hsa-miR-495-3p,MEIS1
hsa-miR-29a-3p,ABL1
hsa-miR-214-3p,ATF4
hsa-miR-30c-5p,VIM
hsa-miR-1-3p,PRKCE
hsa-miR-216b-5p,CSNK2A1
hsa-miR-337-3p,CSNK2A1
hsa-miR-760,CSNK2A1
hsa-miR-186-5p,CSNK2A1
hsa-miR-197-3p,NSUN5
hsa-miR-1-3p,SNAI2
hsa-miR-24-3p,ST7L
hsa-miR-181b-5p,IGF1R
hsa-miR-545-3p,SNAI2
hsa-miR-630,SNAI2
hsa-miR-146a-5p,WASF2
hsa-miR-383-5p,IGF1R
hsa-miR-218-5p,BMI1
hsa-miR-663a,HSPG2
hsa-miR-23a-3p,HMGN2
hsa-miR-126-5p,MMP7
hsa-miR-126-3p,MMP7
hsa-miR-138-5p,RELN
hsa-miR-145-5p,ADAM17
hsa-miR-378a-3p,GRB2
hsa-miR-145-5p,CDH2
hsa-miR-200a-3p,SMAD2
hsa-miR-182-5p,RECK
hsa-miR-330-3p,CDC42
hsa-miR-301a-3p,RUNX3
hsa-miR-138-5p,EZH2
hsa-miR-335-5p,BIRC5
hsa-miR-16-5p,PTGS2
hsa-miR-383-5p,PRDX3
hsa-miR-145-5p,HDAC2
hsa-miR-449c-5p,MYC
hsa-miR-596,LGALS3BP
hsa-miR-144-3p,NFE2L2
hsa-miR-153-3p,NFE2L2
hsa-miR-142-5p,NFE2L2
hsa-miR-27a-3p,NFE2L2
hsa-miR-31-5p,STK40
hsa-miR-363-3p,PDPN
hsa-miR-17-5p,TCF3
hsa-miR-200b-3p,SMAD2
hsa-miR-616-3p,PON1
hsa-miR-182-5p,FOXF2
hsa-miR-200b-3p,CREB1
hsa-miR-200c-3p,LPAR1
hsa-miR-200c-3p,RHOA
hsa-miR-33a-5p,CROT
hsa-miR-33a-5p,IRS2
hsa-miR-33a-5p,NFYC
hsa-miR-33a-5p,NCOA3
hsa-miR-27a-3p,EGFR
hsa-miR-215-5p,CTNNBIP1
hsa-miR-100-5p,MTOR
hsa-miR-31-5p,CREG1
hsa-miR-203a-3p,MYD88
hsa-miR-9-5p,ETS1
hsa-miR-26a-5p,IL6
hsa-miR-140-5p,FGF9
hsa-miR-140-5p,TGFBR1
hsa-miR-126-5p,CXCL12
hsa-miR-126-3p,CXCL12
hsa-miR-133b,PRDM16
hsa-miR-133a-3p,PRDM16
hsa-miR-130b-3p,DICER1
hsa-miR-185-5p,AR
hsa-miR-92b-3p,NLK
hsa-miR-151a-3p,CCNE1
hsa-miR-21-5p,BCL6
hsa-miR-24-3p,PTPN9
hsa-miR-146a-5p,L1CAM
hsa-let-7a-5p,HAS2
hsa-miR-1-3p,SP1
hsa-miR-133a-3p,SP1
hsa-miR-181a-5p,NOTCH1
hsa-miR-125b-5p,NES
hsa-miR-24-3p,SH3PXD2A
hsa-miR-214-3p,PSMD10
hsa-miR-214-3p,ASF1B
hsa-miR-199a-5p,CAV1
hsa-miR-185-5p,SCARB1
hsa-miR-96-5p,SCARB1
hsa-miR-223-3p,SCARB1
hsa-miR-152-3p,TGFA
hsa-miR-206,CCND2
hsa-miR-181b-5p,E2F1
hsa-miR-92a-3p,RFFL
hsa-miR-92a-3p,MAPRE1
hsa-miR-92a-3p,OSBPL8
hsa-miR-124-3p,CDK4
hsa-miR-133a-3p,BCL2L1
hsa-miR-1260b,SFRP1
hsa-miR-154-5p,TLR2
hsa-miR-16-5p,RECK
hsa-miR-16-5p,SOX6
hsa-miR-181b-5p,LATS2
hsa-miR-141-3p,STAT4
hsa-miR-141-3p,YAP1
hsa-miR-15a-5p,FOXO1
hsa-miR-138-5p,S100A1
hsa-miR-15b-5p,FOXO1
hsa-miR-124-3p,RRAS
hsa-miR-99a-5p,AGO2
hsa-miR-451a,CPNE3
hsa-miR-133b,STK3
hsa-miR-27a-3p,SEMA6A
hsa-miR-27b-3p,SEMA6A
hsa-miR-221-3p,GJA1
hsa-miR-222-3p,GJA1
hsa-miR-34a-5p,SNAI1
hsa-miR-376b-3p,BECN1
hsa-miR-376b-3p,ATG4C
hsa-miR-34c-5p,SNAI1
hsa-miR-24-3p,S100A8
hsa-miR-30c-5p,MTA1
hsa-miR-107,PRKCE
hsa-miR-199a-3p,PTGS2
hsa-miR-25-3p,BCL2L11
hsa-miR-181b-5p,PBX3
hsa-miR-181a-5p,PBX3
hsa-miR-34c-5p,BMF
hsa-miR-133a-3p,EGFR
hsa-miR-22-3p,HDAC6
hsa-miR-133a-3p,ARPC5
hsa-miR-381-3p,ID1
hsa-miR-145-5p,VEGFA
hsa-miR-92a-3p,QRSL1
hsa-miR-328-3p,MMP16
hsa-miR-93-5p,SP7
hsa-miR-424-5p,CHEK1
hsa-miR-181a-5p,TIMP1
hsa-miR-181a-5p,DDX3X
hsa-miR-181a-5p,PGR
hsa-miR-98-5p,CYP19A1
hsa-miR-142-3p,CCNT2
hsa-miR-29a-3p,CCNT2
hsa-miR-140-3p,CD38
hsa-miR-20a-5p,GJA1
hsa-miR-155-5p,SH3PXD2A
hsa-miR-155-5p,MAFB
hsa-miR-155-5p,PIK3R1
hsa-miR-1256,TRIM68
hsa-miR-29a-3p,TRIM68
hsa-miR-7-5p,YY1
hsa-miR-20a-5p,DUSP2
hsa-miR-145-5p,EPAS1
hsa-miR-145-5p,ETS1
hsa-miR-181a-5p,COL16A1
hsa-miR-152-3p,ITGA5
hsa-miR-372-3p,TNFAIP1
hsa-miR-24-3p,MXI1
hsa-miR-27a-5p,MXI1
hsa-miR-200c-3p,ETS1
hsa-miR-17-5p,TP53INP1
hsa-miR-29a-3p,KLF4
hsa-miR-145-5p,RREB1
hsa-miR-143-3p,RREB1
hsa-miR-218-5p,LAMB3
hsa-miR-93-5p,SLC2A4
hsa-miR-16-5p,IGF1R
hsa-miR-16-5p,KRAS
hsa-miR-141-3p,CDC25C
hsa-miR-199a-5p,ATF6
hsa-miR-199a-5p,ERN1
hsa-miR-1291,ERN1
hsa-miR-223-3p,ECT2
hsa-miR-17-5p,ITGB8
hsa-miR-20a-5p,ITGB8
hsa-miR-140-5p,ALDH1A1
hsa-miR-140-5p,SOX9
hsa-miR-127-3p,MMP13
hsa-miR-7-5p,PSME3
hsa-let-7a-5p,AURKB
hsa-miR-24-3p,NOS3
hsa-miR-134-5p,KRAS
hsa-miR-222-3p,SSX2IP
hsa-miR-221-3p,SSX2IP
hsa-miR-27a-3p,MET
hsa-miR-424-5p,SOCS6
hsa-miR-19a-3p,TF
hsa-miR-148b-3p,ALCAM
hsa-miR-150-3p,MYB
hsa-miR-1236-3p,FLT4
hsa-miR-497-5p,HDGF
hsa-miR-181a-5p,PPP3CA
hsa-miR-20a-5p,MAP3K5
hsa-miR-125b-5p,MXD1
hsa-miR-9-5p,KLF17
hsa-miR-16-5p,BMI1
hsa-miR-1291,ABCC1
hsa-miR-495-3p,SOX9
hsa-miR-199a-5p,KL
hsa-miR-148b-3p,PRKAB1
hsa-miR-24-3p,CYP11B2
hsa-miR-142-3p,PTPN23
hsa-miR-223-3p,PTBP2
hsa-miR-224-5p,PHLPP1
hsa-miR-199b-5p,JAG1
hsa-let-7i-5p,BMP4
hsa-miR-99b-5p,MTOR
hsa-miR-30a-5p,MTDH
hsa-miR-124-3p,JAG1
hsa-miR-214-3p,JAG1
hsa-miR-124-3p,NFATC1
hsa-miR-124-3p,CAMTA1
hsa-miR-124-3p,PTBP1
hsa-miR-29a-3p,TET1
hsa-miR-29b-3p,TET1
hsa-miR-125b-5p,PIAS3
hsa-miR-486-5p,ARHGAP5
hsa-miR-15a-5p,REPIN1
hsa-miR-612,AKT2
hsa-miR-23a-3p,KLF3
hsa-miR-27a-3p,SP1
hsa-miR-22-3p,CDKN1A
hsa-miR-222-3p,DKK2
hsa-miR-1260b,DKK2
hsa-miR-486-3p,BCL11A
hsa-miR-196b-5p,HOXA9
hsa-miR-196b-5p,MEIS1
hsa-miR-133a-3p,RFFL
hsa-miR-100-5p,AKT1
hsa-miR-196b-5p,FAS
hsa-miR-101-3p,PTGER4
hsa-miR-30a-5p,ERG
hsa-miR-30b-5p,ERG
hsa-miR-200b-3p,QRSL1
hsa-miR-206,ACTL6A
hsa-miR-663a,APC
hsa-miR-128-3p,SUZ12
hsa-miR-376c-3p,GRB2
hsa-miR-212-3p,RBP2
hsa-miR-23a-3p,IRF1
hsa-miR-424-5p,CDX2
hsa-miR-424-5p,FGFR1
hsa-miR-106a-5p,CASP7
hsa-miR-106a-5p,BCL10
hsa-miR-195-5p,ARL2
hsa-miR-212-3p,MYC
hsa-miR-486-5p,OLFM4
hsa-miR-148a-3p,ITGB8
hsa-miR-148a-3p,VAV2
hsa-miR-148a-3p,ITGA5
hsa-miR-148a-3p,ROCK1
hsa-miR-124-3p,SPHK1
hsa-miR-181b-5p,CREB1
hsa-miR-146a-5p,CARD10
hsa-miR-146a-5p,COPS8
hsa-miR-200c-3p,EFNA1
hsa-miR-149-5p,ZBTB2
hsa-miR-18a-5p,PIAS3
hsa-miR-17-5p,CDKN1A
hsa-miR-20a-5p,CDKN1A
hsa-miR-20a-5p,TP53INP1
hsa-miR-300,TWIST1
hsa-miR-539-5p,TWIST1
hsa-miR-543,TWIST1
hsa-miR-544a,BMI1
hsa-miR-494-3p,BMI1
hsa-miR-495-3p,BMI1
hsa-miR-300,BMI1
hsa-miR-23a-3p,MT2A
hsa-miR-1228-3p,CSNK2A2
hsa-miR-370-3p,FOXO1
hsa-miR-200b-3p,SUZ12
hsa-miR-338-3p,SSX2IP
hsa-miR-22-3p,WNT1
hsa-miR-200b-3p,WNT1
hsa-miR-7-5p,PIK3R3
hsa-miR-148a-3p,SMAD2
hsa-miR-433-3p,KRAS
hsa-miR-127-3p,MAPK4
hsa-miR-20a-5p,EGR2
hsa-miR-106a-5p,RUNX3
hsa-miR-363-3p,HIVEP1
hsa-miR-146a-5p,UHRF1
hsa-miR-146b-5p,UHRF1
hsa-miR-200b-3p,DNMT3A
hsa-miR-200b-3p,DNMT3B
hsa-miR-200b-3p,SP1
hsa-miR-200c-3p,DNMT3A
hsa-miR-200c-3p,DNMT3B
hsa-miR-200c-3p,SP1
hsa-miR-26a-5p,FGF9
hsa-miR-126-3p,CRKL
hsa-miR-25-3p,RECK
hsa-miR-29a-3p,CCND2
hsa-miR-29b-3p,CCND2
hsa-miR-29c-3p,CCND2
hsa-miR-365a-3p,CDC25A
hsa-miR-373-3p,TNFAIP1
hsa-miR-101-3p,CPEB1
hsa-miR-29a-3p,VEGFA
hsa-miR-141-3p,HDGF
hsa-miR-148a-3p,MMP7
hsa-miR-30e-5p,BMI1
hsa-miR-107,FOXO1
hsa-miR-338-3p,PREX2
hsa-miR-675-5p,RUNX1
hsa-miR-106a-5p,TIMP2
hsa-miR-30a-5p,VIM
hsa-miR-423-5p,TFF1
hsa-miR-362-5p,CYLD
hsa-miR-550a-5p,CPEB4
hsa-miR-199a-5p,ERBB3
hsa-miR-125b-5p,PIK3CD
hsa-miR-106b-5p,ATG16L1
hsa-miR-93-5p,ATG16L1
hsa-miR-494-3p,BAG1
hsa-miR-494-3p,MYC
hsa-miR-638,SP2
hsa-miR-141-3p,KEAP1
hsa-miR-1303,CLDN18
hsa-miR-185-5p,ARC
hsa-miR-205-5p,YY1
hsa-miR-17-5p,SOCS6
hsa-miR-34a-5p,PDGFRB
hsa-miR-24-3p,REG4
hsa-miR-214-3p,CCL5
hsa-miR-125a-5p,LIFR
hsa-miR-9-5p,CREB1
hsa-miR-9-5p,NF1
hsa-miR-214-3p,UBE2I
hsa-miR-942-5p,IFI27
hsa-let-7a-5p,EZH2
hsa-miR-34b-3p,YY1
hsa-miR-34c-5p,YY1
hsa-miR-23a-3p,PPP2R5E
hsa-miR-101-3p,MTOR
hsa-miR-142-5p,TP53INP1
hsa-miR-29b-3p,SNAI3
hsa-miR-34a-3p,CTNNB1
hsa-miR-34b-5p,CTNNB1
hsa-miR-34c-3p,CTNNB1
hsa-miR-34a-3p,AXIN2
hsa-miR-34b-5p,AXIN2
hsa-miR-34c-3p,AXIN2
hsa-miR-148b-3p,ACVR1
hsa-miR-365a-3p,ACVR1
hsa-miR-26a-5p,ACVR1
hsa-miR-92a-3p,STAT3
hsa-let-7c-5p,MAP4K3
hsa-miR-302c-3p,MICA
hsa-miR-520c-3p,MICA
hsa-miR-502-5p,RAB1B
hsa-miR-214-3p,HDGF
hsa-miR-301a-3p,BCL2L11
hsa-miR-30b-5p,BECN1
hsa-miR-30b-5p,ATG12
hsa-miR-520d-3p,EPHA2
hsa-miR-199a-5p,CDH1
hsa-miR-92a-3p,NR1H4
hsa-miR-133a-3p,CDC42
hsa-miR-133b,CDC42
hsa-miR-107,CDK8
hsa-miR-645,IFIT2
hsa-miR-210-3p,STMN1
hsa-miR-210-3p,DIMT1
hsa-miR-183-5p,BMI1
hsa-miR-1-3p,ETS1
hsa-miR-499a-5p,ETS1
hsa-miR-129-5p,ABCC5
hsa-miR-296-5p,CDX1
hsa-miR-508-5p,POLR1H
hsa-miR-139-5p,CXCR4
hsa-miR-194-5p,RBX1
hsa-miR-29a-3p,AKT2
hsa-miR-29b-3p,AKT2
hsa-miR-29c-3p,AKT2
hsa-miR-204-5p,RAB22A
hsa-miR-542-3p,MTDH
hsa-miR-181a-5p,TGFBR1
hsa-miR-181a-5p,TGFBRAP1
hsa-miR-128-3p,ABCA1
hsa-miR-145-5p,CTNND1
hsa-miR-410-3p,MET
hsa-miR-139-5p,JUN
hsa-miR-490-3p,SMARCD1
hsa-miR-374b-5p,RECK
hsa-miR-182-5p,ZFAND4
hsa-miR-103a-3p,MYB
hsa-miR-374a-5p,SRCIN1
hsa-miR-500a-5p,CYLD
hsa-miR-500a-5p,OTUD7B
hsa-miR-874-3p,STAT3
hsa-miR-29c-3p,CTNND1
hsa-miR-362-3p,CD82
hsa-miR-100-5p,HS3ST2
hsa-miR-506-3p,SNAI2
hsa-miR-15a-5p,YAP1
hsa-miR-16-5p,YAP1
hsa-miR-133a-3p,IGF1R
hsa-miR-204-5p,RAB40B
hsa-miR-107,LATS2
hsa-miR-25-3p,LATS2
hsa-miR-27b-3p,CREB1
hsa-miR-675-5p,NOMO1
hsa-let-7c-5p,IL10
hsa-miR-495-3p,ATP7A
hsa-miR-199a-5p,PTGS2
hsa-miR-34a-5p,KLF4
hsa-miR-128-3p,CSF1
hsa-miR-205-5p,BCL6
hsa-miR-152-3p,WNT1
hsa-miR-145-5p,SP1
hsa-miR-625-5p,SOX2
hsa-miR-545-3p,CDK4
hsa-miR-148a-3p,MET
hsa-let-7f-5p,ELF4
hsa-let-7f-5p,DYRK2
hsa-let-7f-5p,CCL7
hsa-miR-24-3p,DYRK2
hsa-miR-135a-5p,ROCK1
hsa-miR-106b-5p,TWIST1
hsa-miR-218-5p,OTUD7B
hsa-miR-26a-5p,AMACR
hsa-miR-195-5p,BIRC5
hsa-miR-195-5p,WNT7A
hsa-miR-497-5p,BIRC5
hsa-miR-497-5p,WNT7A
hsa-miR-663a,PIK3CD
hsa-miR-181a-5p,E2F5
hsa-miR-15a-5p,CARM1
hsa-miR-493-3p,MAP2K7
hsa-miR-503-5p,PIK3R1
hsa-miR-372-3p,ATAD2
hsa-miR-378a-3p,VIM
hsa-miR-27a-3p,MAP2K4
hsa-miR-4782-3p,USP14
hsa-miR-4782-3p,ZEB2
hsa-miR-140-5p,IGF1R
hsa-miR-34a-5p,INHBB
hsa-miR-335-5p,FMNL3
hsa-miR-335-5p,FMN2
hsa-miR-335-5p,DAAM2
hsa-miR-23a-3p,CXCL8
hsa-miR-199a-3p,HGF
hsa-miR-630,IGF1R
hsa-miR-150-3p,IGF1R
hsa-miR-26a-5p,RCBTB1
hsa-miR-219a-5p,EGFR
hsa-miR-124-3p,PPP1R13L
hsa-miR-1-3p,NOTCH3
hsa-miR-23a-3p,APAF1
hsa-miR-184,SOX7
hsa-miR-26b-5p,NR2C2
hsa-miR-7-5p,XRCC2
hsa-miR-429,RBBP4
hsa-miR-181a-5p,RAP1B
hsa-miR-181b-5p,RAP1B
hsa-miR-181c-5p,RAP1B
hsa-miR-181d-5p,RAP1B
hsa-miR-506-3p,VIM
hsa-miR-205-5p,ACSL4
hsa-miR-29a-3p,PER1
hsa-miR-29b-3p,PER1
hsa-miR-29c-3p,PER1
hsa-miR-138-5p,ADGRA2
hsa-let-7e-5p,IGF1
hsa-let-7e-5p,IGF1R
hsa-miR-146a-5p,ELAVL1
hsa-miR-30b-5p,SIX1
hsa-miR-30a-5p,BCL11A
hsa-miR-221-3p,RAB1A
hsa-miR-134-5p,ITGB1
hsa-miR-4437,SNCG
hsa-miR-4674,SNCG
hsa-miR-4722-5p,SNCG
hsa-miR-107,SNCG
hsa-miR-103a-3p,SNCG
hsa-miR-525-3p,ZNF395
hsa-miR-30a-5p,BCL9
hsa-miR-30b-5p,BCL9
hsa-miR-30c-5p,BCL9
hsa-miR-30d-5p,BCL9
hsa-miR-206,NR1H3
hsa-miR-506-3p,CDK4
hsa-miR-27a-3p,ABCA1
hsa-miR-27b-3p,ABCA1
hsa-miR-149-5p,GIT1
hsa-miR-4516,STAT3
hsa-miR-197-3p,CD82
hsa-miR-204-5p,CDC42
hsa-miR-214-3p,FGFR1
hsa-miR-155-5p,RAD51
hsa-miR-1289,ATP4A
hsa-miR-26a-5p,HGF
hsa-miR-296-3p,ICAM1
hsa-miR-181b-5p,ADCY9
hsa-miR-221-3p,RECK
hsa-miR-203a-3p,PLD2
hsa-miR-30a-5p,EYA2
hsa-miR-223-3p,CYB5A
hsa-miR-141-3p,TM4SF1
hsa-miR-302b-3p,EGFR
hsa-let-7g-5p,THBS1
hsa-let-7g-5p,TGFBR1
hsa-let-7g-5p,SMAD2
hsa-miR-381-3p,TBC1D9
hsa-miR-495-3p,TBC1D9
hsa-miR-223-3p,TOX
hsa-miR-328-3p,SFRP1
hsa-miR-138-5p,RMND5A
hsa-miR-17-5p,RBL2
hsa-miR-655-3p,PTTG1
hsa-miR-329-3p,KDM1A
hsa-miR-210-3p,FOXP3
hsa-miR-152-3p,ADAM17
hsa-miR-26b-5p,EZH2
hsa-miR-374a-5p,WNT5A
hsa-miR-28-5p,MAD2L1
hsa-miR-28-5p,BAG1
hsa-miR-28-5p,RAP1B
hsa-miR-497-5p,SMURF1
hsa-miR-124-3p,RAB38
hsa-miR-155-5p,TERF1
hsa-miR-182-5p,SATB2
hsa-miR-638,SOX2
hsa-miR-130a-3p,TNF
hsa-miR-139-5p,NOTCH1
hsa-miR-26b-5p,USP9X
hsa-miR-183-5p,AANAT
hsa-miR-196a-5p,FOXO1
hsa-miR-107,IL6
hsa-miR-215-5p,PTPRT
hsa-miR-205-5p,ITGA5
hsa-miR-135a-5p,VLDLR
hsa-miR-339-5p,BCL6
hsa-miR-451a,DCBLD2
hsa-miR-15b-5p,SMURF1
hsa-miR-15b-5p,CRIM1
hsa-miR-141-3p,CDC25A
hsa-miR-302b-3p,ERBB4
hsa-miR-223-3p,PRDM1
hsa-miR-544a,CDH1
hsa-miR-139-5p,RAP1B
hsa-miR-139-5p,ROCK2
hsa-miR-34a-5p,RICTOR
hsa-miR-141-3p,PHLPP1
hsa-miR-141-3p,PHLPP2
hsa-miR-133b,TAGLN2
hsa-let-7b-5p,TGFBR1
hsa-miR-146b-5p,PDGFRA
hsa-miR-132-3p,JPT1
hsa-miR-132-3p,KLHL11
hsa-miR-452-5p,THRB
hsa-miR-200b-3p,RAB21
hsa-miR-200b-3p,RAB3B
hsa-miR-335-5p,SOX17
hsa-miR-144-3p,TTN
hsa-miR-150-5p,SRCIN1
hsa-miR-497-5p,CHEK1
hsa-miR-20a-5p,ABL2
hsa-miR-125b-5p,VPS4B
hsa-miR-133b,AKT1
hsa-miR-214-3p,BCL2L11
hsa-miR-122-5p,PKM
hsa-miR-33a-5p,TWIST1
hsa-miR-224-5p,PTX3
hsa-miR-342-3p,ID4
hsa-miR-1-3p,PIK3CA
hsa-miR-195-5p,MYB
hsa-miR-30c-5p,CCND2
hsa-miR-148a-3p,PBXIP1
hsa-miR-27a-3p,GATA2
hsa-miR-132-3p,SOX5
hsa-miR-15a-5p,SOX5
hsa-miR-16-5p,SOX5
hsa-miR-708-5p,NNAT
hsa-miR-17-5p,NPAS3
hsa-miR-513a-3p,LHCGR
hsa-miR-613,ABCA1
hsa-miR-190a-5p,PHLPP1
hsa-miR-34a-5p,ARHGDIB
hsa-miR-27a-3p,IFNG
hsa-miR-27a-3p,GRB2
hsa-miR-133a-3p,ANXA2
hsa-miR-133a-3p,SNX30
hsa-miR-133a-3p,UBA2
hsa-miR-483-5p,ALCAM
hsa-miR-92a-3p,MAP2K4
hsa-miR-218-5p,CDH2
hsa-miR-124-3p,PRRX1
hsa-miR-181a-5p,IFNG
hsa-miR-24-3p,IFNG
hsa-miR-202-3p,LRP6
hsa-miR-101-3p,RAP1B
hsa-miR-218-5p,TFF1
hsa-let-7b-5p,CTHRC1
hsa-let-7g-5p,AKT2
hsa-let-7b-5p,AKT2
hsa-miR-196a-5p,TYMS
hsa-miR-196a-5p,NRP2
hsa-miR-196a-5p,LSP1
hsa-miR-216b-5p,BECN1
hsa-miR-502-5p,TRAF2
hsa-miR-9-5p,DRD2
hsa-miR-18a-5p,SMAD2
hsa-miR-503-5p,ARHGEF19
hsa-miR-182-5p,LRRC4
hsa-miR-199a-5p,MAFB
hsa-miR-23b-3p,RRAS2
hsa-miR-122-5p,MEF2D
hsa-miR-145-5p,ANGPT2
hsa-miR-503-5p,IGF1R
hsa-miR-155-5p,MXI1
hsa-miR-92a-3p,BCL2L11
hsa-miR-365a-3p,KRAS
hsa-miR-193b-3p,KRAS
hsa-miR-183-5p,FOXO1
hsa-miR-200c-3p,KRAS
hsa-miR-96-5p,RECK
hsa-miR-125a-5p,TRAF6
hsa-miR-376a-3p,ATG4C
hsa-miR-198,FGFR1
hsa-let-7c-5p,IL6
hsa-miR-200b-3p,LOX
hsa-miR-146a-5p,SIKE1
hsa-miR-146a-5p,CXCL12
hsa-miR-34c-5p,NOTCH1
hsa-miR-200b-3p,NOTCH1
hsa-miR-200c-3p,NOTCH1
hsa-miR-16-5p,PRDM4
hsa-miR-16-5p,CDS2
hsa-miR-125b-5p,MAN1B1
hsa-miR-93-5p,CXCL8
hsa-miR-148a-3p,BCL2L11
hsa-miR-148a-3p,ERRFI1
hsa-miR-542-3p,ANGPT2
hsa-miR-214-3p,GSR
hsa-miR-200a-3p,GRB2
hsa-miR-182-5p,NDRG1
hsa-miR-429,RASSF8
hsa-miR-382-5p,DRD1
hsa-miR-429,TIMP2
ptr-miR-182,FOXO3
hsa-miR-329-3p,E2F1
hsa-miR-146a-5p,PRKCE
hsa-let-7b-5p,TLR4
hsa-miR-154-5p,CCND2
hsa-miR-125b-1-3p,TACSTD2
hsa-miR-518b,FOXN1
hsa-miR-214-3p,BAX
hsa-miR-18b-5p,FOXN1
hsa-miR-96-5p,TRIB3
hsa-miR-7-5p,CCNE1
hsa-miR-766-3p,BAX
hsa-miR-126-3p,CAMSAP1
hsa-miR-106b-5p,CASP8
hsa-miR-106b-5p,RBL2
hsa-miR-106b-5p,RBL1
hsa-miR-124-3p,XRCC6
hsa-miR-27a-3p,KRAS
hsa-miR-34a-5p,DGUOK
hsa-miR-194-5p,ITSN1
hsa-miR-26a-5p,PIK3C2A
hsa-miR-20a-5p,EPAS1
hsa-miR-17-5p,EPAS1
hsa-miR-26a-5p,DNMT3B
hsa-miR-15a-5p,PHLPP1
hsa-miR-200b-3p,PHLPP1
hsa-miR-200b-3p,SEC23A
hsa-miR-491-5p,GIT1
hsa-miR-223-3p,CARM1
hsa-miR-92a-3p,DUSP10
hsa-miR-494-3p,ARHGAP5
hsa-miR-199a-5p,NFKB1
hsa-miR-655-3p,MAGI2
hsa-miR-487b-3p,MAGI2
hsa-miR-134-5p,MAGI2
hsa-miR-34a-5p,GAS1
hsa-miR-135a-5p,SIAH1
hsa-miR-888-5p,CDH1
hsa-miR-129-5p,APC
hsa-miR-99a-5p,CTDSPL
hsa-miR-126-3p,TCF4
hsa-miR-126-3p,CXCR4
hsa-miR-101-3p,NLK
hsa-miR-383-5p,PPP1R10
hsa-miR-124-3p,STAT3
hsa-miR-138-5p,TWIST2
hsa-miR-9-5p,CXCR4
hsa-miR-142-3p,TGFBR1
hsa-miR-718,VEGFA
hsa-miR-141-3p,ZMPSTE24
hsa-miR-29a-3p,TRAF4
hsa-miR-103a-3p,RAD51
hsa-miR-107,RAD51
hsa-miR-7-5p,PIK3CG
hsa-miR-145-5p,ROCK1
hsa-miR-223-3p,CCL3
hsa-miR-223-3p,IL6
hsa-miR-223-3p,CXCL2
hsa-miR-199a-5p,ACVR1B
hsa-miR-184,EZR
hsa-miR-206,KRAS
hsa-miR-195-5p,INSR
hsa-miR-152-3p,KLF4
hsa-miR-124-3p,AMOTL1
hsa-miR-146a-5p,RAC1
hsa-miR-146a-5p,LAMC2
hsa-miR-298,BAX
hsa-miR-573,TSPAN1
hsa-miR-222-3p,VGLL4
hsa-miR-23b-3p,ETS1
hsa-miR-23b-3p,HMGB2
hsa-miR-23b-3p,ATG12
hsa-miR-361-5p,SND1
hsa-miR-338-3p,MACC1
hsa-miR-338-3p,ZEB2
hsa-miR-25-3p,FBXW7
hsa-miR-144-3p,MET
hsa-miR-149-5p,IL6
hsa-miR-149-5p,PTGER2
hsa-miR-506-3p,YAP1
hsa-miR-140-5p,HDAC7
hsa-miR-140-5p,LAMC1
hsa-miR-140-5p,ADA
hsa-miR-182-5p,THBS1
hsa-miR-34c-5p,MAZ
hsa-miR-152-3p,FGF2
hsa-miR-125b-5p,SCNN1A
hsa-miR-204-5p,SIX1
hsa-miR-944,HECW2
hsa-miR-183-5p,PPP2CB
hsa-miR-10a-5p,PIK3CG
hsa-miR-197-3p,BMF
hsa-miR-197-3p,PMAIP1
hsa-miR-639,FOXC1
hsa-miR-34c-5p,GALNT7
hsa-miR-34b-3p,GALNT7
hsa-miR-34a-5p,GALNT7
hsa-miR-181a-5p,WIF1
hsa-miR-21-5p,TNFRSF10B
hsa-miR-665,CNR2
hsa-miR-494-3p,CNR1
hsa-miR-455-5p,NCSTN
hsa-miR-186-5p,NCSTN
hsa-miR-24-3p,NCSTN
hsa-miR-18a-5p,STK4
hsa-miR-548m,HDAC6
hsa-miR-138-5p,MAP3K11
hsa-miR-200b-3p,DDX53
hsa-miR-22-3p,BMPR1B
hsa-miR-22-3p,BMP6
hsa-miR-92b-3p,RECK
hsa-miR-25-3p,HAND2
hsa-miR-297,DGUOK
hsa-miR-199a-5p,VEGFA
hsa-miR-125a-5p,CLEC5A
hsa-miR-941,KDM6B
hsa-miR-200c-3p,UBQLN1
hsa-miR-199a-5p,CDH2
hsa-miR-199a-5p,SNAI1
hsa-miR-23a-3p,LAMP1
hsa-miR-145-5p,CD28
hsa-miR-145-5p,NFATC1
hsa-miR-9-5p,STMN1
hsa-miR-208a-3p,SOX6
hsa-let-7i-5p,NEUROG1
hsa-let-7i-5p,ASCL1
hsa-miR-130b-3p,PPARGC1A
hsa-miR-126-3p,RHOU
hsa-miR-126-3p,LRP6
hsa-miR-107,SALL4
hsa-miR-133b,FOXL2
hsa-miR-199a-5p,GSK3B
hsa-miR-199a-5p,FZD4
hsa-miR-199a-5p,WNT2
hsa-miR-199a-5p,JAG1
hsa-miR-758-3p,TLR7
hsa-miR-143-3p,LIMK1
hsa-miR-134-5p,ZDHHC9
hsa-miR-30c-5p,SNAI2
hsa-miR-145-5p,SP7
hsa-miR-329-3p,MCAM
hsa-miR-149-5p,BBC3
hsa-miR-340-5p,ROCK1
hsa-miR-122-5p,NOD2
hsa-miR-205-5p,PHLPP2
hsa-miR-34a-5p,HDAC1
hsa-miR-128-3p,EPHB2
hsa-miR-128-3p,EPHB1
hsa-miR-205-5p,KCNJ10
hsa-miR-432-5p,MECP2
hsa-miR-432-5p,RCOR1
hsa-miR-432-5p,NES
hsa-miR-494-3p,CXCR4
hsa-miR-204-5p,HMX1
hsa-miR-211-5p,HMX1
hsa-miR-486-5p,IGF1R
hsa-miR-145-5p,HDAC11
mmu-miR-1192,HBEGF
hsa-miR-30d-5p,KPNB1
hsa-miR-100-5p,RAP1B
hsa-let-7b-5p,IRS2
hsa-miR-582-5p,CASP9
hsa-miR-363-3p,BCL2L11
hsa-miR-185-5p,EPHB2
hsa-miR-135b-5p,ACVR1B
hsa-miR-135b-5p,BMPR2
hsa-miR-135b-5p,SMAD5
hsa-miR-135b-5p,TGFBR1
hsa-miR-210-3p,KCMF1
hsa-miR-214-3p,LZTS1
hsa-miR-140-5p,MMD
hsa-miR-9-5p,MTHFD1
hsa-miR-197-3p,MTHFD1
hsa-miR-130a-3p,IL18
hsa-miR-130a-3p,TGFB1
hsa-miR-148a-3p,USP4
hsa-miR-9-5p,BCL2L11
hsa-miR-31-5p,ARID1A
hsa-miR-138-5p,LCN2
hsa-miR-182-5p,ULBP2
hsa-miR-1-3p,FRS2
hsa-miR-486-5p,DOCK3
hsa-miR-214-3p,CADM1
mmu-miR-155-5p,PMAIP1
hsa-miR-203a-3p,SNAI1
hsa-miR-146a-5p,RNF11
hsa-miR-29b-3p,TGFB3
hsa-miR-29b-3p,PDGFRB
hsa-miR-29b-3p,PDGFRA
hsa-miR-29b-3p,PDGFC
hsa-miR-29b-3p,PDGFB
hsa-miR-29b-3p,MMP9
hsa-miR-29b-3p,LOXL4
hsa-miR-29b-3p,LOXL2
hsa-miR-29b-3p,LOX
hsa-miR-29b-3p,ITGB1
hsa-miR-29b-3p,ITGA6
hsa-miR-29b-3p,ANGPTL4
hsa-miR-22-3p,BTG1
rno-miR-21-5p,ZBTB7A
hsa-miR-1181,STAT3
hsa-miR-1181,SOX2
hsa-let-7i-5p,IGF1
hsa-miR-16-5p,RICTOR
hsa-miR-16-5p,MTOR
hsa-miR-27a-3p,APC
hsa-miR-361-5p,STAT6
hsa-miR-146a-5p,PTGS2
hsa-miR-181a-5p,PRKCD
hsa-miR-433-3p,GBP2
hsa-miR-27a-3p,PIK3CG
hsa-miR-218-5p,SFRP2
hsa-miR-218-5p,DKK2
hsa-miR-29a-3p,LAMC2
hsa-miR-29b-3p,LAMC2
hsa-miR-29c-3p,LAMC2
hsa-miR-29c-3p,ITGA6
hsa-miR-29a-3p,ITGA6
hsa-miR-125b-5p,ENPEP
hsa-miR-221-5p,MBD2
hsa-miR-224-5p,MBD2
hsa-miR-133a-3p,MMP14
hsa-miR-148a-3p,MAFB
hsa-miR-181b-5p,FOS
hsa-miR-542-3p,BMP7
hsa-miR-125b-5p,CSNK2A1
hsa-miR-125b-5p,CCNJ
hsa-miR-125b-5p,MEGF9
hsa-miR-30b-5p,PDGFRB
hsa-miR-21-3p,MAT2B
hsa-miR-21-3p,MAT2A
hsa-miR-31-5p,ABCB9
hsa-miR-145-5p,SOX9
hsa-miR-145-5p,ADD3
hsa-miR-144-3p,EZH2
hsa-miR-29a-3p,ZFP36
hsa-miR-409-3p,MET
hsa-miR-23a-3p,TOP1
hsa-miR-204-5p,BDNF
hsa-miR-142-3p,APC
hsa-miR-143-3p,NR2C2
hsa-miR-143-3p,PTGS2
hsa-miR-148b-3p,ITGA5
hsa-miR-148b-3p,ROCK1
hsa-miR-148b-3p,NRAS
hsa-miR-148b-3p,CSF1
hsa-miR-218-5p,VOPP1
hsa-miR-21-5p,MAP2K3
hsa-miR-16-5p,BDNF
hsa-miR-497-5p,CCNE1
hsa-miR-206,GPD2
hsa-miR-206,TKT
hsa-miR-1-3p,TKT
hsa-miR-206,PGD
hsa-miR-1-3p,PGD
hsa-miR-206,G6PD
hsa-miR-1-3p,G6PD
hsa-miR-106b-5p,RUNX3
hsa-miR-9-5p,ACAT1
rno-miR-19a-3p,FBXO32
rno-miR-19b-3p,FBXO32
rno-miR-19b-3p,TRIM54
rno-miR-19a-3p,TRIM54
hsa-miR-663a,MYL9
hsa-miR-185-5p,MZB1
hsa-miR-185-5p,MCM10
hsa-miR-15b-5p,FUT2
hsa-miR-141-3p,MAP4K4
hsa-miR-346,GSK3B
hsa-miR-30a-5p,NOTCH1
hsa-miR-30b-5p,NOTCH1
hsa-miR-30c-5p,NOTCH1
hsa-miR-30d-5p,NOTCH1
hsa-miR-30e-5p,NOTCH1
hsa-miR-124-3p,CCL2
hsa-miR-675-5p,TGFBI
hsa-miR-744-5p,MYC
hsa-miR-146a-5p,CCL5
hsa-miR-1293,TIMP1
hsa-miR-302a-3p,MBD2
hsa-miR-31-5p,RHOBTB1
hsa-miR-490-3p,PAPPA
hsa-let-7b-5p,IGF2BP1
hsa-miR-135b-5p,CASR
hsa-miR-206,VAMP2
hsa-miR-145-5p,IGF1R
hsa-miR-330-3p,SP1
hsa-miR-33a-5p,SP1
hsa-miR-573,MCAM
hsa-miR-374a-5p,CEBPB
hsa-miR-558,PTGS2
hsa-miR-101-3p,VEGFA
hsa-miR-150-5p,SP1
hsa-miR-135a-5p,IRS2
hsa-miR-324-3p,WNT2B
hsa-miR-1-3p,API5
hsa-miR-212-3p,SOD2
hsa-miR-205-5p,ESRRG
hsa-miR-376c-3p,TGFBR1
hsa-miR-487b-3p,MYC
hsa-miR-487b-3p,KRAS
hsa-miR-101-3p,MET
hsa-miR-483-3p,CDK4
hsa-miR-542-3p,RPS23
hsa-miR-146a-5p,ERBB4
hsa-miR-370-3p,LIN28A
hsa-miR-378a-3p,IGF1R
hsa-miR-378a-3p,KSR1
hsa-miR-23a-3p,HOXB4
hsa-miR-711,SP1
hsa-miR-224-5p,TPD52
hsa-miR-184,AGO2
hsa-miR-200b-3p,ZEB2
hsa-miR-421,FOXO4
hsa-miR-382-5p,NFIA
hsa-miR-503-5p,FBXW7
hsa-miR-182-5p,FBXW7
hsa-miR-105-5p,PDK1
hsa-miR-105-5p,AKT1
hsa-miR-874-3p,CDK9
rno-miR-9a-5p,TLN1
rno-miR-25-3p,NOX4
hsa-miR-146a-5p,CNOT6L
hsa-miR-148b-3p,PIK3R3
hsa-miR-625-5p,IGF2BP1
hsa-miR-372-3p,PHLPP2
hsa-miR-181a-5p,CTDSPL
hsa-miR-99a-5p,AKT1
hsa-miR-184,SND1
hsa-miR-193b-3p,MYB
hsa-miR-145-5p,ARF6
hsa-miR-492,MZF1
hsa-miR-382-5p,YBX1
hsa-miR-629-5p,TRIM33
hsa-miR-107,CHGA
hsa-miR-27b-3p,EGFR
hsa-miR-27b-3p,MET
hsa-miR-29a-3p,NFIA
hsa-miR-34a-5p,TCF7
hsa-miR-222-3p,GNAI3
hsa-miR-197-3p,FOXJ2
hsa-miR-638,CDK2
hsa-miR-206,NR4A2
hsa-miR-18a-5p,RUNX1
hsa-miR-495-3p,CCL2
hsa-miR-370-3p,GADD45A
hsa-miR-516a-3p,WNT5A
hsa-miR-200a-3p,MACC1
hsa-miR-203a-3p,TYMS
hsa-miR-203a-3p,WIF1
hsa-miR-449a,MAZ
hsa-miR-30a-5p,LOX
hsa-miR-466,TRIM13
hsa-miR-494-3p,HOXA10
hsa-miR-206,ANXA2
hsa-miR-27b-3p,CRISP2
hsa-miR-224-5p,APLN
hsa-miR-26a-5p,ITGA5
hsa-miR-135b-5p,RECK
hsa-miR-130a-3p,MYC
hsa-miR-1470,JUN
hsa-miR-181c-5p,PRAP1
hsa-miR-17-5p,YES1
hsa-miR-718,HOXB8
hsa-miR-221-3p,APAF1
hsa-miR-373-3p,IRF9
hsa-miR-512-5p,TEAD4
hsa-miR-373-3p,PIK3CA
hsa-miR-1246,NFIB
hsa-miR-22-3p,CCNA2
hsa-miR-205-5p,EZR
hsa-miR-205-5p,LMNA
hsa-miR-637,AKT1
hsa-miR-130b-3p,IRF1
hsa-miR-214-3p,ARL2
hsa-miR-30a-5p,FOXL2
hsa-miR-145-5p,SENP1
hsa-miR-3189-3p,SF3B2
hsa-miR-3189-3p,ARHGEF25
hsa-miR-508-3p,NFKB1
hsa-let-7f-5p,IL6
hsa-miR-18a-5p,MEF2D
hsa-miR-506-3p,ETS1
hsa-miR-486-5p,SMAD2
hsa-miR-449a,CAPN6
hsa-miR-449a,POU2F1
hsa-miR-132-3p,SOX4
hsa-miR-212-3p,SOX4
hsa-miR-98-5p,IL6
hsa-miR-98-5p,IL10
hsa-miR-130a-3p,RUNX3
hsa-miR-495-3p,RUNX3
hsa-miR-323a-3p,SMAD2
hsa-miR-506-3p,SPHK1
hsa-miR-891b,CBLB
hsa-miR-10a-5p,BCL2L11
hsa-miR-129-5p,NR4A2
hsa-let-7e-5p,FASLG
hsa-miR-144-3p,ETS1
hsa-miR-489-3p,GSE1
hsa-miR-146a-5p,RHOA
hsa-miR-195-5p,HMGA1
hsa-miR-31-5p,E2F2
hsa-miR-103a-3p,SFRP4
hsa-miR-218-5p,E2F2
hsa-miR-7-5p,VDAC1
hsa-miR-330-3p,CCBE1
hsa-miR-181c-5p,LATS2
hsa-miR-181c-5p,SGMS1
hsa-miR-181c-5p,SAV1
hsa-miR-505-3p,TGFA
hsa-miR-24-3p,IL4
hsa-miR-24-3p,GATA3
hsa-miR-625-5p,HMGA1
hsa-miR-27a-3p,GATA3
hsa-miR-532-5p,CXCL2
hsa-miR-98-5p,CCND2
hsa-miR-31-5p,RASA1
hsa-miR-9-5p,CUL4A
hsa-miR-30a-5p,MBNL1
hsa-miR-30b-5p,MBNL1
hsa-miR-30e-5p,MBNL1
hsa-miR-29c-3p,ITGB1
hsa-miR-302a-3p,MAP3K1
hsa-miR-302b-3p,MAP3K1
hsa-miR-302c-3p,MAP3K1
hsa-miR-302d-3p,MAP3K1
hsa-miR-490-3p,TGFA
hsa-miR-378a-3p,GLI3
mmu-miR-509-3p,MAP3K8
hsa-miR-30a-5p,UBE3C
hsa-miR-125b-5p,SPHK1
hsa-miR-508-5p,GPNMB
hsa-miR-485-3p,PPARGC1A
hsa-miR-485-5p,PPARGC1A
hsa-miR-424-5p,PLAG1
hsa-miR-27a-3p,PLAG1
hsa-miR-433-3p,MET
hsa-miR-433-3p,CREB1
hsa-miR-187-3p,BCL6
hsa-miR-133a-3p,IGF1
hsa-miR-15a-5p,CXCL10
hsa-miR-663a,TGFB1
hsa-miR-663b,IGF2
hsa-miR-9-5p,IL6
hsa-miR-25-3p,KLF4
hsa-miR-25-3p,CPEB1
hsa-miR-26b-5p,IGF1
hsa-miR-27b-3p,FOXJ3
hsa-miR-9-3p,FOXO1
hsa-miR-18b-5p,IGF1
hsa-miR-9-5p,NOTCH1
hsa-miR-519d-3p,STAT3
hsa-miR-1-3p,KRAS
hsa-miR-26a-5p,NOS2
hsa-miR-125a-5p,GALNT14
hsa-miR-135b-5p,STAT6
hsa-miR-32-5p,PHLPP2
hsa-miR-27b-3p,RUNX1
hsa-miR-194-5p,IL10
hsa-miR-361-5p,CXCR6
hsa-miR-483-3p,SRF
hsa-miR-335-5p,TRIM29
hsa-miR-206,SMAD2
hsa-let-7a-5p,UHRF1
hsa-miR-15b-5p,TRIM29
hsa-miR-15b-5p,INSR
hsa-miR-421,CDH1
hsa-miR-122-5p,CTDNEP1
hsa-miR-22-3p,TCF7
hsa-miR-26a-5p,DUSP4
hsa-miR-26a-5p,DUSP5
hsa-miR-34a-5p,GFRA3
hsa-miR-103a-3p,OLFM4
hsa-miR-26b-5p,ULK2
hsa-miR-181a-5p,TUSC3
hsa-miR-30e-5p,TUSC3
hsa-miR-24-3p,SP1
hsa-miR-338-3p,SOX4
hsa-miR-487a-3p,MAGI2
hsa-miR-148a-3p,PDIA3
hsa-miR-28-5p,IGF1
hsa-miR-660-5p,TFCP2
hsa-miR-26b-5p,TRAF5
hsa-miR-23b-3p,CCNG1
hsa-miR-130b-3p,DLL1
hsa-miR-130a-3p,DLL4
rno-miR-125a-5p,FOXP3
hsa-miR-218-5p,HMOX1
mmu-miR-218-5p,HMOX1
rno-miR-218a-5p,HMOX1
cfa-miR-218,HMOX1
hsa-miR-10b-5p,MBNL1
hsa-miR-10b-5p,SART3
hsa-miR-29c-3p,CREB5
hsa-miR-32-5p,FBXW7
hsa-miR-301a-3p,UVRAG
hsa-miR-24-1-5p,ANGPTL2
hsa-let-7a-3p,APOBEC3A
hsa-miR-409-3p,CTNND1
hsa-miR-520c-3p,STAT3
hsa-miR-27a-3p,SFRP1
hsa-miR-370-3p,CTNNB1
hsa-miR-142-3p,DOCK6
hsa-miR-27a-3p,LAMP2
hsa-miR-148a-3p,ALCAM
hsa-miR-152-3p,ALCAM
hsa-miR-425-5p,PDCD10
hsa-miR-638,DACT3
hsa-miR-26a-5p,ST8SIA4
hsa-miR-26b-5p,ST8SIA4
hsa-miR-21-5p,LRP6
hsa-miR-22-3p,LGALS9
hsa-miR-21-5p,DDAH1
hsa-miR-26b-5p,SMAD1
hsa-miR-124-3p,CASC3
hsa-miR-300,ROCK1
hsa-miR-491-5p,NOTCH3
hsa-miR-509-3p,YAP1
hsa-miR-29a-3p,ALDH5A1
hsa-miR-29a-3p,SLC22A7
hsa-miR-539-5p,SPAG5
hsa-miR-409-3p,FRAT1
hsa-miR-33a-5p,HADHB
hsa-miR-424-5p,SOCS2
hsa-miR-125b-5p,FAS
hsa-miR-124-3p,CAPNS1
hsa-miR-7-5p,SERPINB5
hsa-miR-103a-3p,SERPINB5
hsa-miR-107,SERPINB5
hsa-miR-126-5p,VEGFA
mmu-miR-429-3p,FSCN1
hsa-miR-129-5p,PDPK1
hsa-miR-151a-3p,TWIST1
hsa-miR-610,HDGF
hsa-miR-329-3p,GRB2
hsa-miR-346,SRCIN1
hsa-miR-544a,HOXA10
hsa-miR-21-5p,CADM1
hsa-miR-26b-5p,HAS2
hsa-miR-449a,MYCN
hsa-miR-9-5p,GSK3B
hsa-miR-125a-5p,ABL2
hsa-miR-96-5p,PTPN9
hsa-miR-181c-5p,PRKCD
hsa-miR-23a-3p,MEF2C
hsa-miR-32-5p,TWIST1
hsa-miR-30b-5p,EIF2S1
hsa-miR-30c-5p,EIF2S1
hsa-miR-1180-3p,TNIP2
hsa-miR-204-5p,CREB1
mmu-let-7a-5p,LIN28A
hsa-miR-486-5p,CDK4
hsa-miR-520g-3p,DAPK2
hsa-miR-31-5p,ITGA5
hsa-miR-129-1-3p,GSK3B
hsa-miR-296-5p,ELAVL1
hsa-miR-106b-5p,SLC2A4
hsa-miR-30d-5p,PIK3R2
hsa-miR-29a-3p,ITGB1
hsa-miR-335-5p,RASA1
hsa-miR-200b-3p,RHOA
hsa-miR-200b-3p,ROCK2
hsa-miR-222-3p,ARID1A
hsa-miR-1-3p,IGF1
hsa-miR-27a-3p,SLC6A8
hsa-miR-193a-3p,RAB27B
hsa-miR-193a-5p,SRR
hsa-miR-27a-3p,DKK2
hsa-miR-489-3p,SNAI2
hsa-miR-224-5p,CDH1
hsa-miR-24-3p,NCAN
hsa-miR-2861,EGFR
hsa-miR-2861,AKT2
hsa-miR-133b,FAS
hsa-miR-134-5p,ANGPTL4
hsa-miR-125a-5p,STAT3
hsa-miR-139-5p,ACTC1
hsa-miR-20a-5p,ANKH
hsa-miR-675-5p,REPS2
hsa-miR-182-5p,PDK4
hsa-miR-622,CXCR4
hsa-miR-423-5p,FAM3A
hsa-miR-31-5p,C1QTNF9
hsa-miR-548p,APOB
hsa-miR-223-3p,MYL9
hsa-miR-16-5p,TNF
hsa-miR-125b-5p,TNFAIP3
hsa-miR-93-5p,RPS6KA4
mmu-miR-133a-3p,TAT
hsa-miR-214-3p,MEF2C
hsa-miR-29a-5p,HDAC9
hsa-miR-144-3p,MAP3K8
hsa-miR-422a,PIK3CA
rno-miR-22-3p,TRPM7
hsa-miR-92a-3p,MYCBP2
hsa-miR-125b-5p,SFRP5
hsa-miR-449a,RRAS
hsa-miR-490-5p,PIK3CA
hsa-miR-4728-5p,PADI2
hsa-miR-125b-5p,SET
hsa-miR-132-3p,EGFR
hsa-miR-17-3p,ITGA5
hsa-miR-506-3p,ROCK1
hsa-miR-133a-5p,FSCN1
hsa-miR-377-3p,TIMP1
rno-miR-98-3p,MECP2
hsa-miR-603,IGF1
hsa-miR-449c-5p,MET
hsa-miR-331-3p,ING5
hsa-miR-1271-5p,FOXQ1
hsa-miR-181a-5p,RGS16
hsa-miR-18a-5p,IRF2
hsa-miR-185-5p,TRIM29
hsa-miR-203a-3p,SNAI2
hsa-miR-670-5p,PROX1
hsa-miR-486-5p,CIT
hsa-miR-302c-3p,CXCL8
hsa-miR-302d-3p,CXCL8
hsa-miR-30c-5p,BECN1
hsa-miR-153-3p,SNAI1
hsa-miR-326,FGF1
hsa-miR-30a-5p,NCAM1
hsa-miR-7-5p,RELA
hsa-miR-7-5p,FOS
hsa-miR-218-5p,SMO
hsa-miR-133b,BCL2L1
hsa-miR-526b-3p,MMP1
hsa-miR-146a-5p,ROCK1
hsa-miR-378b,NKX3-1
hsa-miR-219a-5p,SALL4
hsa-miR-556-5p,PPP2R2A
hsa-miR-99b-3p,GSK3B
hsa-miR-222-3p,PRDM1
hsa-miR-101-3p,PRDM1
hsa-miR-23a-3p,LRP5
hsa-miR-139-5p,ADGRL4
hsa-miR-200a-3p,SPAG9
hsa-miR-320b,MYC
hsa-miR-338-3p,PKM
hsa-miR-144-3p,ZEB2
hsa-miR-125b-5p,LACTB
hsa-miR-495-3p,AKT1
hsa-miR-125b-5p,DNMT3B
hsa-miR-769-5p,GSK3B
hsa-miR-146a-5p,CASP7
hsa-miR-211-5p,MUC4
hsa-miR-15b-3p,IGF1R
hsa-miR-103a-3p,PIEZO1
hsa-miR-27a-3p,PRKAA2
hsa-miR-200b-3p,MAPK7
hsa-miR-146a-3p,PTTG1
hsa-miR-486-5p,SNAI1
hsa-miR-143-3p,NFATC1
hsa-miR-34c-5p,GIT1
hsa-miR-125a-5p,NAIF1
hsa-miR-204-5p,MX1
hsa-miR-204-5p,TXNIP
hsa-miR-211-5p,TXNIP
hsa-miR-211-5p,MX1
hsa-miR-142-5p,CLDN1
hsa-miR-132-3p,FOXO1
hsa-miR-30b-5p,EIF5A2
hsa-miR-940,ZNF24
hsa-miR-1-3p,VEGFA
hsa-miR-138-5p,FOXC1
hsa-miR-34a-5p,BIRC5
hsa-miR-143-3p,GABARAPL1
hsa-miR-490-3p,RHOA
hsa-miR-106a-5p,APC
hsa-miR-181a-5p,PHLPP2
hsa-miR-339-5p,NOVA1
hsa-miR-1-3p,BAG4
hsa-miR-100-5p,ZBTB7A
hsa-miR-138-5p,AKT1
hsa-miR-27a-3p,GSK3B
hsa-miR-30c-2-3p,SNAI1
hsa-miR-34a-5p,STMN1
hsa-miR-200b-3p,VEGFA
hsa-miR-138-5p,BCL11A
hsa-miR-31-3p,NECTIN4
hsa-miR-128-3p,NECTIN4
hsa-miR-422a,TGFB1
hsa-miR-139-5p,TPD52
hsa-miR-222-3p,GNAI2
hsa-miR-192-3p,NR1H4
hsa-miR-363-3p,SOX4
hsa-miR-98-5p,CCL2
hsa-let-7g-3p,CCL2
hsa-let-7g-3p,CCL5
hsa-miR-98-5p,CCL5
hsa-miR-20a-5p,ATG16L1
hsa-miR-128-3p,SMAD2
hsa-miR-491-5p,IGF2BP1
hsa-miR-136-3p,NOTCH3
hsa-miR-21-3p,STAT3
hsa-miR-376a-3p,KLF15
hsa-miR-376a-3p,CASP8
hsa-miR-4701-5p,ST3GAL1
hsa-miR-134-5p,RAB27A
hsa-miR-124-3p,PIM1
hsa-miR-542-3p,IGFBP1
hsa-miR-1908-5p,NKIRAS2
hsa-miR-221-3p,ARF4
hsa-miR-29c-3p,SP1
hsa-miR-371a-3p,PRDX6
hsa-miR-371a-3p,STX12
hsa-miR-497-5p,KCNN4
hsa-miR-24-3p,COPS5
hsa-miR-98-5p,SNX6
hsa-miR-20a-3p,SMO
hsa-miR-409-3p,RECK
hsa-miR-7-5p,BAX
hsa-miR-34a-5p,BAX
hsa-miR-26a-5p,CDC6
hsa-miR-659-3p,SPHK1
hsa-miR-148a-3p,INO80
hsa-miR-18a-3p,CBX7
hsa-miR-221-3p,CXCL12
hsa-miR-490-3p,ABCC2
hsa-miR-199a-5p,ETS1
hsa-miR-125b-5p,APLN
hsa-miR-381-3p,P2RX5
hsa-miR-495-3p,FOXC1
hsa-miR-129-5p,WNT4
hsa-miR-221-3p,ADAMTS6
hsa-miR-98-5p,EDN1
hsa-miR-135a-5p,KLF8
hsa-miR-146a-5p,SOX2
hsa-miR-519a-3p,FOXF2
hsa-miR-127-5p,BLVRB
hsa-miR-128-3p,PFKL
hsa-miR-16-5p,APP
hsa-miR-26a-5p,NRAS
hsa-miR-26a-5p,E2F2
hsa-miR-101-3p,VEGFC
hsa-miR-27b-3p,VEGFC
hsa-miR-128-3p,VEGFC
hsa-miR-126-3p,CADM1
hsa-miR-224-5p,CASP7
hsa-miR-32-5p,KLF4
hsa-miR-429,ZEB2
hsa-miR-532-5p,RUNX3
hsa-miR-27b-3p,ROR1
hsa-miR-449a,FLOT2
hsa-miR-22-3p,MMP14
hsa-miR-22-3p,SNAI1
hsa-miR-26b-5p,PDE4A
hsa-miR-203a-3p,TCF4
hsa-miR-338-3p,ADAM17
hsa-miR-27b-3p,CCNG1
hsa-miR-139-5p,MET
hsa-miR-98-5p,PBX3
hsa-miR-92b-3p,ITGA6
hsa-miR-4653-3p,FRS2
hsa-miR-155-5p,IKBKE
hsa-miR-155-5p,NFKB1
hsa-miR-92a-3p,HDAC2
mmu-miR-200c-3p,IL6
mmu-miR-200c-3p,CXCL8
mmu-miR-200c-3p,CCL5
hsa-miR-539-5p,CDK4
hsa-miR-23c,ELAVL1
hsa-miR-296-5p,PLK1
hsa-miR-652-3p,LLGL1
hsa-miR-125a-3p,GIT1
hsa-miR-212-3p,PXN
hsa-miR-299-3p,ABCE1
hsa-miR-363-3p,NOTCH1
hsa-miR-215-5p,RUNX1
hsa-miR-130b-3p,CYLD
hsa-miR-24-3p,BCL2L11
hsa-miR-493-3p,DKK1
hsa-miR-211-5p,SOX4
hsa-miR-195-5p,CHEK1
hsa-miR-503-5p,CHEK1
hsa-miR-15a-5p,BMI1
hsa-miR-1284,EIF4A1
hsa-miR-512-5p,CDKN1A
hsa-miR-550a-3p,MAPK3
hsa-miR-214-3p,BIRC5
hsa-miR-506-3p,FOXQ1
hsa-miR-150-3p,CTNNB1
hsa-miR-644a,CTBP1
hsa-miR-92a-3p,CD69
hsa-miR-206,TBX3
hsa-miR-33a-5p,OSBPL6
hsa-miR-27b-3p,OSBPL6
hsa-miR-181b-3p,YWHAG
hsa-miR-379-5p,PTK2
hsa-miR-24-3p,MAPK7
hsa-miR-663a,CDKN1A
hsa-miR-125a-5p,EDN1
hsa-miR-200a-3p,DEK
hsa-miR-128-3p,PDK1
hsa-miR-486-3p,ECM1
hsa-miR-34a-5p,TREM2
hsa-miR-518a-5p,PIK3C2A
hsa-miR-542-3p,CTTN
hsa-miR-130b-3p,IGF1
hsa-miR-106b-5p,STAT3
hsa-miR-3162-3p,CTNNB1
hsa-miR-26a-5p,PTGS2
hsa-miR-144-3p,PTGS2
hsa-miR-155-5p,E2F2
hsa-miR-543,KRAS
hsa-miR-543,MTA1
hsa-miR-519a-3p,STAT3
hsa-miR-499a-5p,VAV3
hsa-miR-582-5p,CREB1
hsa-miR-590-5p,CREB5
hsa-miR-99a-5p,NOX4
hsa-let-7a-5p,ARG2
hsa-miR-1207-5p,CSF1
hsa-miR-96-5p,FOXO1
hsa-miR-106b-5p,PRRX1
hsa-miR-200c-3p,CDK2
hsa-miR-542-3p,PIM1
hsa-miR-133a-3p,NR2C2
hsa-miR-24-3p,CARD10
hsa-miR-24-3p,SLC6A4
hsa-miR-221-5p,IL6R
hsa-miR-342-5p,NAA10
hsa-miR-608,NAA10
hsa-miR-944,SIAH1
hsa-miR-425-5p,SMAD2
hsa-miR-101-3p,PIM1
hsa-miR-490-3p,TGFBR1
hsa-miR-98-5p,IGF1
hsa-miR-542-3p,AKT1
hsa-miR-542-3p,ILK
hsa-miR-542-3p,PIK3R1
hsa-miR-7-5p,REL
hsa-miR-455-5p,UBA7
hsa-miR-99b-5p,IGF1R
hsa-miR-150-5p,CREB1
hsa-miR-875-5p,EGFR
hsa-miR-195-5p,CDK8
hsa-miR-367-3p,KLF4
hsa-miR-20a-5p,KIF26B
hsa-miR-506-3p,TCF3
hsa-miR-2355-3p,ATG12
hsa-miR-181b-2-3p,TLR4
hsa-miR-16-5p,FGF2
hsa-miR-140-3p,ATP6AP2
hsa-miR-33a-5p,EN2
hsa-miR-125b-1-3p,SGPL1
hsa-miR-195-5p,NKD1
hsa-miR-208a-3p,CDKN1A
hsa-miR-106a-5p,STAT3
hsa-miR-193a-5p,NLN
hsa-miR-193a-3p,SELENON
hsa-miR-486-3p,MAF
hsa-miR-638,PLD1
hsa-miR-26a-5p,JAG1
hsa-miR-1-5p,BDNF
hsa-miR-27a-3p,YAP1
hsa-miR-204-5p,CXCR4
hsa-miR-5582-5p,A1BG
hsa-miR-5582-5p,SHC1
hsa-miR-5582-5p,CDK2
hsa-miR-16-5p,ADORA2A
hsa-miR-26a-5p,SMAD1
hsa-miR-135b-5p,FOXO1
hsa-miR-27b-3p,CDH11
hsa-miR-625-3p,MAP2K6
hsa-miR-552-3p,BIRC5
hsa-miR-552-3p,PIK3R2
hsa-miR-130a-3p,PDGFRA
hsa-miR-370-3p,MGMT
hsa-miR-95-3p,CELF2
hsa-miR-26b-5p,TLR4
hsa-miR-26a-5p,PTPN13
hsa-miR-7-5p,KLF4
hsa-miR-27a-3p,FSTL1
hsa-miR-199a-5p,CCR7
hsa-miR-301b-3p,BCL2L11
hsa-miR-297,GPC5
hsa-miR-33a-3p,METTL3
hsa-miR-202-5p,TGFBR1
hsa-miR-590-3p,ZEB2
hsa-miR-34a-3p,FRAT1
hsa-miR-506-5p,MTDH
hsa-miR-22-3p,CXCR2
hsa-miR-125a-3p,VEGFA
hsa-miR-200c-3p,PDCD10
hsa-miR-200c-3p,HNF1B
hsa-miR-29a-3p,CACNA1C
hsa-miR-411-5p,GRB2
hsa-miR-148a-3p,WNT1
hsa-miR-203a-3p,LIN28B
hsa-miR-204-5p,IGFBP2
hsa-miR-9-5p,SOX7
hsa-miR-30a-5p,ATF1
hsa-miR-338-3p,IRS2
hsa-miR-10a-5p,GP1BA
hsa-miR-10b-5p,GP1BA
hsa-miR-544a,BCL6
hsa-miR-544a,STAT3
hsa-miR-7-5p,GDF5
hsa-miR-489-3p,PAX3
hsa-miR-23a-3p,TMEM64
hsa-miR-23b-3p,TMEM64
hsa-miR-200b-3p,JUN
hsa-miR-103a-3p,MEF2D
hsa-miR-128-3p,CYP2C9
hsa-miR-143-3p,CYP2C9
hsa-miR-130b-3p,CYP2C9
hsa-miR-34c-3p,NCKAP1
hsa-miR-384,KRAS
hsa-miR-384,FBXW7
hsa-miR-340-5p,CCND2
hsa-miR-125a-5p,HAX1
hsa-miR-29b-3p,TGFB1
hsa-miR-122-5p,SPRY2
hsa-miR-342-3p,CTBP2
hsa-miR-33b-3p,SALL4
hsa-miR-33b-3p,TWIST1
hsa-miR-130a-3p,MAP3K12
hsa-miR-206,GJA1
hsa-miR-675-5p,TGFB1
hsa-miR-9-5p,IGF2BP3
hsa-miR-7-5p,KEAP1
hsa-let-7c-3p,IL6R
hsa-miR-125b-5p,IGF1R
hsa-miR-140-5p,HMGN5
hsa-miR-30a-5p,HNF4G
hsa-miR-194-5p,HNF4G
hsa-miR-326,FSCN1
hsa-miR-31-5p,SGPP2
hsa-miR-204-5p,SNAI1
hsa-miR-935,NOTCH1
hsa-miR-19a-3p,MEF2D
hsa-miR-448,ADAM10
hsa-miR-373-3p,DKK1
hsa-miR-340-3p,EZH2
hsa-miR-542-5p,HUWE1
hsa-miR-448,KDM2B
hsa-miR-29c-3p,VEGFA
hsa-miR-371a-5p,SOX2
hsa-miR-429,FSCN1
hsa-miR-935,SOX7
hsa-miR-338-5p,BMI1
hsa-miR-146a-5p,CD80
hsa-miR-363-3p,FBXW7
hsa-miR-129-5p,IGF2BP3
hsa-miR-129-5p,IGF1
hsa-miR-664a-3p,SOX7
hsa-miR-30a-5p,RPA1
hsa-miR-125b-5p,NEU1
hsa-miR-337-3p,MZF1
hsa-miR-224-5p,MTOR
hsa-miR-21-5p,FZD6
hsa-miR-140-5p,SOX4
hsa-miR-135a-3p,KIFC1
hsa-miR-9-3p,DMD
hsa-miR-9-3p,DLG1
hsa-miR-592,FOXO3
hsa-miR-202-3p,TNFSF13B
hsa-miR-19a-3p,ALOX5
hsa-miR-125b-5p,ALOX5
hsa-miR-31-5p,SOX4
hsa-miR-27a-3p,RARA
hsa-miR-17-5p,VLDLR
hsa-miR-661,CYC1
hsa-miR-221-3p,STMN1
hsa-miR-335-5p,SIAH2
hsa-miR-218-2-3p,CDC27
hsa-miR-1-3p,TWIST1
hsa-miR-146a-5p,TGFB1
hsa-miR-302b-3p,NFIA
hsa-miR-338-5p,EFEMP1
hsa-miR-199a-5p,RAB21
hsa-miR-302c-3p,MTDH
hsa-miR-216a-5p,CEMIP
hsa-miR-145-5p,MTDH
hsa-miR-145-3p,MTDH
mmu-miR-33-3p,APOE
hsa-miR-138-1-3p,PDK1
hsa-miR-340-5p,CCNG2
hsa-miR-190a-5p,FOXP2
hsa-miR-181a-5p,BAX
hsa-miR-27a-3p,BTG2
hsa-miR-30b-5p,CTHRC1
hsa-miR-302b-3p,CDK2
hsa-miR-3178,TRAF3
hsa-miR-128-3p,SPTAN1
hsa-miR-29b-3p,KDM2A
hsa-miR-148a-3p,CCKBR
hsa-miR-19b-3p,BCL3
hsa-miR-4284,CXCL5
hsa-miR-203a-3p,BANF1
hsa-miR-96-5p,TP53INP1
hsa-miR-133a-3p,AFTPH
hsa-miR-4649-3p,PTPN6
hsa-miR-218-5p,WASF3
hsa-miR-29a-3p,AHR
hsa-miR-24-3p,FSCN1
hsa-miR-210-3p,ATG7
hsa-miR-34a-5p,IL6R
hsa-miR-9-5p,FOXO1
hsa-miR-132-3p,SPRED1
hsa-miR-132-3p,SPRY1
hsa-miR-140-5p,FGFRL1
hsa-miR-9-5p,UHRF1
hsa-miR-135a-5p,FOXO1
hsa-miR-135a-5p,PHLPP2
hsa-miR-34a-5p,HNF4G
hsa-miR-34a-5p,RBP2
hsa-miR-30a-5p,TET1
hsa-miR-192-5p,NID1
hsa-miR-215-5p,NID1
mmu-miR-22-3p,KAT5
hsa-miR-125a-3p,IL6
hsa-miR-100-3p,CXCL8
hsa-miR-887-3p,IL1B
hsa-miR-130b-3p,SNAI3
hsa-miR-3941,IGBP1
hsa-miR-223-3p,MAFB
hsa-miR-101-3p,PRKAB1
hsa-miR-497-5p,RECK
hsa-miR-3940-5p,USP28
hsa-miR-224-5p,PHLPP2
hsa-miR-27b-3p,SMAD2
hsa-miR-27b-3p,TGFBR1
hsa-miR-630,TP53RK
hsa-miR-409-3p,NLK
hsa-miR-125a-5p,ZBTB7A
hsa-miR-34c-3p,MARCKS
hsa-miR-125b-5p,SIRT7
hsa-miR-29a-3p,MYC
hsa-miR-654-5p,EPSTI1
hsa-miR-138-5p,VIM
hsa-miR-887-3p,PLD2
hsa-miR-3619-5p,PLD2
hsa-miR-15b-3p,TRIM31
hsa-miR-320b,DLX5
hsa-miR-892b,TRAF2
hsa-miR-122-3p,MCAT
hsa-miR-21-3p,HPGD
hsa-miR-892b,MAP3K7
hsa-miR-216b-5p,UGT2B7
hsa-miR-155-5p,SOCS6
hsa-miR-93-5p,CDKN1A
hsa-miR-9-5p,TM4SF1
hsa-miR-125b-5p,TNF
hsa-miR-1-3p,PTBP1
hsa-miR-133b,PTBP1
hsa-miR-22-3p,TACC1
hsa-miR-183-5p,PCLAF
hsa-miR-200a-3p,THRB
hsa-miR-105-5p,SOX9
hsa-miR-301a-3p,MAP3K5
hsa-miR-128-3p,MTOR
hsa-miR-128-3p,IGF1
hsa-miR-128-3p,RICTOR
hsa-miR-128-3p,PIK3R1
hsa-miR-146b-5p,ZNRF3
hsa-miR-203a-3p,TBK1
hsa-miR-503-3p,L1CAM
hsa-miR-21-5p,PIK3R1
hsa-miR-548d-3p,TP53BP2
hsa-miR-409-3p,AKT1
hsa-miR-193a-5p,WT1
hsa-miR-22-3p,NTRK2
hsa-miR-16-5p,HGF
hsa-miR-135a-5p,E2F1
hsa-miR-135a-5p,DAPK2
hsa-miR-558,HPSE
hsa-miR-149-3p,WNT1
hsa-miR-561-3p,MYC
hsa-miR-17-5p,EGR2
hsa-miR-489-3p,PROX1
hsa-miR-494-3p,IGF1R
hsa-miR-590-3p,FOSL2
hsa-miR-24-3p,PRDX6
hsa-miR-135b-3p,LATS2
hsa-miR-126-3p,RGS3
hsa-miR-590-5p,RECK
hsa-miR-3622b-5p,EGFR
hsa-miR-3622b-5p,BMI1
hsa-miR-124-3p,AKT2
hsa-miR-410-3p,SNAI1
hsa-miR-125b-1-3p,MAP2K7
hsa-miR-3978,LGMN
hsa-miR-107,NF1
hsa-miR-27b-3p,NR2F2
hsa-miR-501-5p,DKK1
hsa-miR-501-5p,NKD1
hsa-miR-501-5p,GSK3B
hsa-miR-187-3p,CRMP1
hsa-miR-502-5p,IRF1
hsa-miR-30c-5p,CAMK2D
hsa-miR-140-5p,SMURF1
hsa-miR-205-3p,VEGFA
hsa-miR-205-3p,FGF2
hsa-miR-200b-3p,ATG12
hsa-miR-509-3-5p,PLK1
hsa-miR-24-3p,TRIM11
hsa-miR-616-5p,GSK3B
hsa-miR-509-5p,YWHAG
hsa-miR-130b-3p,SAV1
hsa-miR-106a-5p,CXCL8
hsa-miR-106a-5p,MYB
hsa-miR-96-3p,GRB2
hsa-miR-206,TWIST1
hsa-miR-490-3p,TNKS2
hsa-miR-223-3p,HAX1
hsa-miR-182-3p,FBXW7
hsa-miR-524-5p,SOX9
hsa-let-7c-3p,MTPN
hsa-miR-17-3p,NCOA3
hsa-miR-20b-3p,NCOA3
hsa-miR-24-3p,ABCB9
hsa-miR-31-5p,RHOA
hsa-miR-335-5p,GRM4
hsa-miR-526b-5p,XRCC5
hsa-miR-218-5p,EGFR
hsa-miR-31-5p,BAP1
hsa-miR-302b-3p,E2F1
hsa-miR-762,IRF7
hsa-miR-93-3p,CCNG2
hsa-miR-21-3p,FASLG
hsa-miR-490-5p,BMPR2
hsa-miR-675-5p,GPR55
hsa-miR-330-3p,MSI1
hsa-miR-497-5p,MACC1
hsa-miR-219a-5p,P2RX5
hsa-miR-193b-3p,RAD51
hsa-miR-211-5p,SPARC
hsa-miR-655-3p,ADAM10
hsa-miR-33a-3p,PBX3
hsa-miR-135a-5p,KLF4
hsa-miR-25-3p,CYP2B6
hsa-miR-10a-3p,NR2C2
hsa-miR-9-5p,RUNX1
hsa-miR-206,SOX9
hsa-miR-25-3p,RGS3
hsa-miR-155-5p,RPTOR
hsa-miR-185-5p,ABCG4
hsa-miR-203a-3p,PIK3CA
hsa-miR-203a-3p,NR2C2
hsa-miR-548i,ZBTB11
hsa-miR-548i,NR3C2
hsa-miR-1-5p,VEGFA
hsa-miR-4273,TOMM20
hsa-miR-548i,TTC13
hsa-miR-1-3p,TNKS2
hsa-miR-4271,APOC3
hsa-miR-129-5p,TWIST1
hsa-miR-150-5p,NANOG
hsa-miR-429,IL4
hsa-miR-340-5p,IL4
hsa-miR-148a-5p,AKT2
hsa-miR-99a-5p,CAPNS1
hsa-miR-491-5p,CAPNS1
hsa-miR-24-1-5p,HIF1AN
hsa-miR-181a-5p,RASSF6
hsa-miR-1207-5p,STAT6
hsa-miR-98-3p,E2F5
hsa-miR-144-3p,PBX3
hsa-miR-939-5p,SLC34A2
hsa-miR-511-5p,TRIM24
hsa-miR-503-3p,SMAD2
hsa-miR-15a-3p,TWIST1
hsa-miR-16-1-3p,TWIST1
hsa-miR-9-5p,TNFAIP8
hsa-miR-1-3p,CDK4
hsa-miR-132-3p,MMP9
hsa-miR-193b-5p,STMN1
hsa-miR-34c-3p,PSMG1
hsa-miR-27a-5p,GREM1
hsa-miR-9-3p,NFKB1
hsa-miR-22-3p,MTA1
hsa-miR-19b-3p,TNFAIP3
hsa-miR-34a-5p,NLRC5
hsa-miR-129-5p,BECN1
hsa-miR-149-5p,FASLG
hsa-miR-92a-3p,FBXW7
hsa-miR-548a-3p,ECHS1
hsa-miR-199a-5p,PIAS3
hsa-miR-199a-5p,PSMD9
hsa-miR-361-5p,TWIST1
hsa-miR-106a-5p,ATG7
hsa-miR-19a-5p,TNFAIP3
hsa-miR-23a-3p,FOXA1
hsa-miR-125b-5p,ANGPT2
hsa-miR-215-5p,SIGLEC8
hsa-miR-497-5p,PBX3
hsa-miR-502-3p,SET
hsa-miR-338-3p,CDH2
hsa-miR-548a-5p,IFT88
hsa-miR-1269b,CDC40
hsa-miR-146a-5p,FANCM
hsa-miR-9-5p,STARD13
hsa-miR-599,MYC
hsa-miR-29c-5p,CPEB4
hsa-miR-122-5p,PEG10
hsa-miR-155-3p,FBXW7
hsa-miR-129-5p,FNDC3A
hsa-miR-218-5p,MECP2
hsa-miR-138-5p,EIF4EBP1
hsa-miR-612,SP1
hsa-miR-15b-5p,RAB1A
hsa-miR-181a-5p,CTNNB1
hsa-miR-181a-5p,TCF4
hsa-miR-1246,AXIN2
hsa-miR-1246,GSK3B
mmu-miR-16-5p,HGF
hsa-miR-30c-5p,IER2
hsa-miR-324-5p,ETS1
hsa-miR-324-5p,SP1
hsa-miR-29a-3p,HMGCR
hsa-miR-29b-3p,HMGCR
hsa-miR-29c-3p,HMGCR
hsa-miR-9-5p,CDH1
hsa-miR-145-5p,CAMK1D
hsa-miR-148a-5p,GAS1
hsa-miR-34a-5p,RAD51
hsa-miR-101-5p,VEGFA
hsa-miR-223-5p,EGF
hsa-miR-490-5p,HNRNPA1
hsa-miR-141-5p,SPAG9
hsa-miR-18a-5p,TNFAIP3
hsa-miR-9-5p,GALNT4
hsa-miR-15a-5p,CHEK1
hsa-miR-15b-5p,CHEK1
hsa-miR-16-5p,CHEK1
hsa-miR-125b-5p,SEMA4C
hsa-miR-22-3p,AKT1
hsa-miR-582-3p,AXIN2
hsa-miR-582-3p,SFRP1
hsa-miR-193a-5p,PIK3R3
hsa-miR-193a-5p,MTOR
hsa-miR-193a-3p,ERBB4
hsa-miR-132-3p,AGO2
hsa-miR-9-5p,NOX4
hsa-miR-147a,HIF3A
hsa-miR-21-5p,CDC25A
hsa-miR-224-5p,RASSF8
hsa-miR-520c-3p,IRF2
hsa-miR-335-5p,CRKL
hsa-miR-19a-3p,RHOB
hsa-miR-125b-5p,APC
hsa-miR-23a-5p,GJA1
hsa-miR-184,PPP1R13L
hsa-miR-125b-5p,BMPR1B
hsa-miR-101-3p,SRF
hsa-miR-19a-5p,TIA1
hsa-miR-622,LAMC2
hsa-miR-16-1-3p,VSIR
hsa-miR-193a-3p,HYOU1
hsa-miR-182-5p,TRIM8
hsa-miR-423-3p,BCL2L11
hsa-miR-484,SMAD2
hsa-miR-34a-5p,E2F1
hsa-miR-491-5p,KDM4B
hsa-miR-30c-2-3p,TRADD
hsa-miR-30c-2-3p,CCNE1
hsa-miR-182-3p,MYADM
hsa-miR-101-3p,RUNX1
hsa-miR-7-5p,SMARCD1
hsa-miR-17-5p,TRIM8
hsa-miR-106b-5p,TRIM8
hsa-miR-330-5p,ITGA5
hsa-miR-152-5p,FGF2
hsa-miR-134-5p,GOLPH3
hsa-miR-27a-3p,PHLPP2
hsa-miR-122-5p,CREB1
hsa-miR-132-3p,MUC13
hsa-miR-532-5p,NKD1
hsa-miR-491-5p,WNT3A
hsa-miR-26b-5p,HGF
hsa-miR-34a-5p,IGF2BP3
hsa-miR-34a-5p,CRTC1
hsa-miR-744-5p,ARHGAP5
hsa-miR-25-3p,DHFR
hsa-miR-182-5p,BDNF
hsa-miR-200b-5p,ATG12
hsa-miR-202-3p,MMP1
hsa-miR-590-3p,MACC1
hsa-miR-21-5p,MSLN
hsa-miR-584-3p,ROCK1
hsa-miR-15a-5p,CDKN2B
hsa-miR-204-5p,MMP9
hsa-miR-148b-3p,WNT1
hsa-miR-199a-3p,CDK7
hsa-miR-369-3p,SOX4
mmu-miR-142a-5p,BECN1
hsa-miR-26a-5p,LIN28B
hsa-miR-142-5p,BECN1
hsa-miR-219a-1-3p,MUC4
hsa-miR-143-3p,AKT2
hsa-miR-135a-5p,PTK2
hsa-miR-145-5p,FXN
hsa-miR-26b-5p,JAG1
hsa-miR-185-5p,TG
hsa-miR-153-3p,MTDH
hsa-miR-146a-5p,NOTCH1
hsa-miR-216b-5p,PBK
hsa-miR-10a-5p,MMP14
hsa-miR-630,CDC14A
hsa-miR-125b-5p,FES
hsa-miR-33a-5p,SATB2
hsa-miR-107,CDC42
hsa-miR-124-3p,SGPL1
hsa-miR-200c-5p,BMI1
hsa-miR-29c-3p,FRAT2
hsa-miR-29c-3p,LRP6
hsa-miR-29c-3p,FZD4
hsa-miR-29c-3p,FZD5
hsa-miR-200c-3p,LEPR
hsa-miR-1178-3p,STUB1
hsa-miR-138-5p,RARA
hsa-miR-27a-3p,CDC27
hsa-miR-139-5p,PDE4D
hsa-miR-205-5p,SMAD2
hsa-miR-29a-3p,RASGRP1
hsa-miR-28-5p,IL34
hsa-miR-101-5p,RAC1
hsa-miR-584-5p,WWP1
hsa-miR-509-3-5p,PODXL
hsa-miR-10a-5p,MAPK8IP1
hsa-miR-374b-5p,VEGFA
hsa-miR-1228-5p,MIF
hsa-miR-215-3p,FOXO1
hsa-miR-181d-5p,MALT1
hsa-miR-195-5p,FGF2
hsa-miR-195-5p,YAP1
hsa-miR-26a-5p,PRDX3
hsa-miR-23b-3p,PRDX3
hsa-miR-133a-3p,FOXL2
mmu-miR-34a-5p,CRTC1
hsa-miR-103a-3p,DVL1
hsa-miR-18a-5p,NR3C1
hsa-miR-20a-5p,BCL2L11
hsa-miR-199a-5p,BECN1
hsa-miR-101-5p,SOX9
hsa-miR-124-5p,STAT3
hsa-miR-449a,ADAM10
hsa-miR-200b-3p,CRKL
hsa-miR-200c-3p,CRKL
hsa-miR-429,CRKL
hsa-miR-29b-3p,STAT3
hsa-miR-146a-5p,LRP2
hsa-miR-1908-5p,SKI
hsa-miR-148a-3p,BAX
hsa-miR-139-5p,WNT1
hsa-miR-199a-5p,CDKN1C
hsa-miR-19b-3p,PITX1
hsa-miR-181a-5p,PRKN
hsa-miR-212-3p,SGK3
hsa-miR-205-5p,UVRAG
hsa-miR-181c-5p,ST8SIA4
hsa-miR-590-3p,APC
hsa-miR-193a-3p,KRAS
hsa-miR-590-5p,ILF3
hsa-miR-373-3p,TXNIP
hsa-miR-205-5p,CENPF
hsa-miR-522-5p,ABCB5
hsa-miR-32-5p,AURKA
hsa-miR-101-5p,TLR2
hsa-miR-451a,CDKN2D
hsa-miR-451a,MAP3K1
hsa-miR-300,BRD7
hsa-miR-378a-3p,GOLT1A
hsa-miR-200a-3p,GJA1
hsa-miR-23a-3p,GJA1
hsa-miR-23b-3p,GJA1
hsa-miR-101-3p,CDK8
hsa-miR-7-5p,NDUFA4
hsa-miR-424-3p,YAP1
hsa-miR-146a-5p,CCND2
hsa-miR-335-5p,TCEAL9
hsa-miR-197-5p,IGFBP5
hsa-miR-520h,DAPK2
hsa-miR-942-5p,SFRP4
hsa-miR-942-5p,GSK3B
hsa-miR-181a-5p,EGR1
hsa-miR-196b-5p,IGF2BP1
hsa-miR-150-5p,PRKCA
hsa-miR-127-3p,XRCC3
hsa-miR-454-3p,CXCL12
hsa-miR-885-5p,IGF1R
hsa-miR-126-3p,ROCK1
hsa-miR-342-3p,MTDH
hsa-miR-199a-5p,ITGA3
hsa-miR-199b-5p,ITGA3
hsa-miR-199a-3p,ITGA3
hsa-miR-199b-3p,ITGA3
hsa-miR-24-3p,BCAR1
hsa-miR-200c-3p,MYLK
hsa-miR-486-3p,PRKCD
hsa-miR-200c-3p,SH3PXD2A
hsa-miR-362-3p,BCAR1
hsa-miR-329-3p,BCAR1
hsa-miR-93-3p,NEDD4L
hsa-miR-455-3p,HDAC2
hsa-miR-455-3p,HDAC8
hsa-miR-506-3p,CDH2
hsa-miR-22-3p,MTDH
hsa-miR-146a-5p,NFAT5
hsa-miR-146a-5p,RHO
hsa-miR-539-3p,USP13
hsa-miR-483-5p,NOTCH3
hsa-miR-124-3p,CDH2
hsa-miR-154-5p,E2F5
hsa-miR-101-3p,EYA1
hsa-miR-381-3p,TWIST1
hsa-miR-20a-5p,REST
hsa-miR-27a-3p,PINK1
hsa-miR-27b-3p,PINK1
hsa-miR-26a-5p,IGF1
hsa-miR-335-5p,ROCK1
hsa-miR-133b,FOXC1
hsa-miR-615-5p,RAB24
hsa-miR-450b-5p,SOX2
hsa-miR-141-5p,ICAM1
hsa-miR-133a-3p,SOX4
hsa-miR-30a-5p,BECN1
hsa-miR-301a-3p,TIMP2
hsa-miR-26a-5p,LOXL2
hsa-miR-34a-5p,FKBP1B
hsa-miR-145-5p,MSH3
hsa-miR-30a-3p,NFATC3
hsa-miR-181a-5p,KRAS
hsa-miR-181a-5p,NRAS
hsa-miR-29c-5p,WNT4
hsa-miR-497-5p,MTOR
hsa-miR-630,MTDH
hsa-miR-26a-5p,FUT8
hsa-miR-34a-5p,FUT8
hsa-miR-455-3p,FUT8
hsa-miR-181a-5p,RUNX1
hsa-miR-1-3p,CCL2
hsa-miR-193a-3p,MMP14
hsa-miR-206,CCL2
hsa-miR-206,VEGFA
hsa-miR-31-5p,FOXO3
hsa-miR-187-3p,S100A4
hsa-miR-17-5p,IGFBP3
hsa-miR-19a-3p,PMEPA1
hsa-miR-98-3p,NRAS
hsa-miR-126-5p,CRK
hsa-miR-185-5p,PLAC8
hsa-miR-24-3p,MT1M
hsa-miR-98-5p,SALL4
hsa-miR-124-5p,FOXQ1
hsa-miR-27a-5p,PEBP1
hsa-miR-337-5p,HOXB7
hsa-miR-143-5p,ERBB3
hsa-miR-433-5p,GCLC
hsa-miR-95-3p,CDKN1A
hsa-miR-381-3p,CD1C
hsa-miR-133a-5p,RHOA
hsa-miR-150-5p,MMP14
hsa-miR-22-3p,ACLY
hsa-miR-4638-5p,KIDINS220
hsa-miR-139-5p,MMP11
hsa-miR-139-3p,MMP11
hsa-miR-206,SFRP1
hsa-miR-429,SP1
hsa-miR-296-5p,FGFR1
hsa-miR-218-5p,SOST
hsa-miR-885-5p,CTNNB1
hsa-miR-20a-5p,RUNX3
hsa-miR-181b-5p,ELN
hsa-miR-9-5p,ONECUT2
hsa-miR-10b-5p,PIK3CA
hsa-miR-31-5p,STMN1
hsa-miR-378a-3p,RUNX1
hsa-miR-224-5p,GSK3B
hsa-miR-655-3p,PRRX1
hsa-miR-34a-5p,PRKD1
hsa-miR-487a-3p,SPRED2
hsa-miR-487a-3p,PIK3R1
hsa-miR-378a-3p,WNT10A
hsa-miR-199a-3p,YAP1
hsa-miR-3188,MTOR
hsa-miR-589-5p,MAP3K8
hsa-miR-125b-5p,FZD6
hsa-miR-20b-5p,FZD6
hsa-miR-892a,CD226
hsa-miR-17-5p,TLR7
hsa-miR-877-3p,IL1B
hsa-miR-22-3p,SP1
hsa-miR-506-3p,PIM3
hsa-miR-181c-5p,TRIM2
hsa-miR-19a-3p,TLR7
hsa-miR-17-5p,TNF
hsa-miR-138-5p,YAP1
hsa-miR-342-3p,E2F1
hsa-miR-466,PROX1
hsa-miR-101-5p,STMN1
hsa-miR-133a-5p,MMP9
hsa-miR-1271-5p,CCNG1
hsa-miR-587,PPP2R1B
hsa-miR-346,BCL6
hsa-miR-145-5p,CD40
hsa-let-7f-5p,POSTN
hsa-miR-124-3p,MYO10
hsa-miR-199a-5p,FZD6
hsa-miR-21-5p,PTPN14
hsa-miR-448,CXCL12
hsa-miR-134-5p,VIM
hsa-miR-98-5p,CTNND1
hsa-miR-592,DEK
hsa-miR-125a-5p,EIF4EBP1
hsa-miR-125b-5p,EIF4EBP1
hsa-miR-548c-3p,TWIST1
hsa-miR-34b-3p,SNCA
hsa-miR-34c-5p,SNCA
hsa-miR-19a-3p,TP53INP1
hsa-miR-19a-3p,TNFAIP3
hsa-miR-19a-3p,TNFRSF12A
hsa-miR-19a-3p,SIVA1
hsa-miR-135a-5p,CEBPD
hsa-miR-222-3p,BMF
hsa-miR-222-3p,PLXNC1
hsa-miR-16-5p,GLS2
hsa-miR-203a-3p,RAB22A
hsa-miR-9-3p,CBX7
hsa-miR-198,FSTL1
hsa-miR-505-3p,PSMD10
hsa-miR-132-3p,SOX6
hsa-miR-132-3p,GDF5
hsa-miR-125b-5p,STAT3
hsa-miR-146b-5p,EGFR
hsa-miR-765,EMP3
hsa-miR-493-3p,MXI1
hsa-miR-152-3p,DKK1
hsa-miR-23a-3p,SMAD5
hsa-miR-27a-3p,SMAD5
hsa-miR-543,MMP7
hsa-miR-98-5p,SLC31A1
hsa-miR-132-3p,PIK3R3
hsa-miR-23a-3p,CHUK
hsa-miR-23a-3p,ST7L
hsa-miR-140-3p,ATP8A1
hsa-miR-491-5p,SLC6A3
hsa-miR-19a-3p,ADRB1
hsa-miR-93-5p,ABCA1
hsa-miR-17-5p,ABCA1
mmu-miR-20a-5p,ATG7
hsa-miR-29b-3p,COL4A1
hsa-miR-185-5p,SLC9A1
hsa-miR-20a-5p,PTPRO
hsa-miR-20a-5p,PPP2R2A
hsa-miR-17-5p,PPP2R2A
hsa-miR-338-5p,SPRY1
hsa-miR-10a-5p,BDNF
hsa-miR-519d-3p,E2F1
hsa-miR-100-5p,ZNRF2
hsa-miR-613,CDK4
hsa-miR-623,XRCC5
hsa-miR-320b,NOD2
hsa-miR-320c,NOD2
hsa-miR-193a-5p,TFAP2A
hsa-miR-497-5p,SSRP1
hsa-miR-4689,KRAS
hsa-miR-4689,AKT1
hsa-miR-4295,RUNX3
hsa-miR-93-5p,ZNRF3
hsa-miR-381-5p,HES1
hsa-miR-125a-5p,TNFAIP3
hsa-miR-218-5p,BIRC5
hsa-miR-143-3p,FAM83F
hsa-miR-136-5p,IL6
hsa-miR-573,FGFR1
hsa-miR-329-3p,BRD4
hsa-miR-125b-5p,CDKN2D
hsa-miR-9-5p,ZC3H12A
hsa-miR-3196,MYOD1
hsa-miR-515-5p,CYP19A1
hsa-miR-515-5p,GCM1
hsa-miR-515-5p,FZD5
hsa-miR-129-1-3p,AURKA
hsa-miR-21-5p,SOCS6
hsa-miR-29b-3p,LRP6
hsa-miR-29b-3p,ELAVL1
hsa-miR-145-3p,MMP16
hsa-miR-34a-5p,NR4A2
hsa-miR-29b-3p,PATZ1
hsa-miR-150-5p,ARRB2
hsa-miR-96-5p,CDKN1A
hsa-miR-149-5p,PPM1F
hsa-miR-509-3p,MAP3K8
hsa-miR-10a-5p,BCL6
hsa-miR-181c-5p,TGFBR1
hsa-miR-181c-5p,TGFBRAP1
hsa-miR-1224-5p,CREB1
hsa-miR-196a-5p,CDKN1A
hsa-miR-487b-3p,THBS1
hsa-miR-210-3p,PLK1
hsa-miR-155-3p,CREBRF
hsa-miR-125b-5p,PODXL
hsa-miR-1-5p,EGFR
hsa-miR-23a-3p,TERF2
hsa-miR-1-5p,MET
hsa-miR-449a,MFAP4
hsa-miR-449a,TSEN15
hsa-miR-216b-5p,JUN
hsa-miR-449a,FOS
hsa-miR-449a,MET
hsa-miR-133a-3p,RBPJ
hsa-miR-155-5p,FBXW7
hsa-miR-296-5p,CASP8
hsa-miR-296-5p,NGFR
hsa-miR-133a-3p,NGFR
hsa-miR-210-3p,TWIST1
hsa-miR-26a-5p,TRPC6
hsa-miR-185-5p,TGFB1
hsa-miR-208a-3p,QKI
hsa-miR-208b-3p,QKI
hsa-miR-208b-3p,CDKN1A
hsa-miR-93-5p,PHLPP2
hsa-miR-93-5p,FOXO3
hsa-miR-222-3p,ICAM1
hsa-miR-215-5p,KDM1B
hsa-miR-503-5p,MYB
hsa-miR-202-3p,SOX6
hsa-miR-593-5p,MFF
hsa-miR-146b-5p,ERBB4
hsa-miR-122-5p,PDK4
hsa-miR-9-5p,DKK1
hsa-miR-33a-5p,PIM3
hsa-miR-148a-3p,QKI
hsa-miR-19a-3p,MAP3K5
hsa-miR-1303,ATG2B
hsa-miR-200c-3p,JAZF1
hsa-miR-135a-5p,PPM1E
hsa-miR-29b-3p,IFNG
hsa-miR-34a-5p,GDF5
hsa-miR-7-5p,UBE2A
hsa-miR-192-5p,DHFR
hsa-miR-192-5p,ITGB1
hsa-miR-211-5p,SNAI1
hsa-miR-488-3p,EIF3A
hsa-miR-522-3p,PTGR1
hsa-miR-125a-3p,MTA1
hsa-miR-599,SATB2
hsa-miR-24-3p,TNK2
hsa-miR-186-5p,FGF2
hsa-miR-186-5p,RELA
hsa-miR-675-5p,HDAC5
hsa-miR-675-5p,HDAC6
hsa-miR-31-5p,SLC1A2
hsa-miR-200c-3p,SLC1A2
hsa-miR-105-5p,NCOA1
hsa-miR-9-5p,ABCC1
hsa-miR-199a-5p,MAP4K3
hsa-miR-214-5p,IGF1R
hsa-miR-101-3p,ITGA3
hsa-miR-489-3p,MMP7
hsa-miR-182-5p,PCDH8
hsa-miR-125a-5p,SMAD2
hsa-miR-145-5p,SMAD2
hsa-miR-23b-3p,PTK2B
hsa-miR-106b-5p,TNFRSF10A
hsa-miR-340-5p,STAT3
hsa-miR-26a-5p,HOXA5
hsa-miR-922,CYLD
hsa-miR-29a-3p,CLDN1
hsa-miR-539-5p,MMP8
hsa-miR-154-5p,ZEB2
hsa-miR-221-3p,BCL2L11
hsa-miR-146a-5p,NOS1
hsa-miR-126-5p,CYLD
hsa-miR-26a-5p,NAMPT
hsa-miR-423-3p,PA2G4
hsa-miR-124-3p,SART3
hsa-miR-23a-5p,TLR2
hsa-miR-218-5p,RPS6KA3
hsa-miR-34a-5p,PPP1CC
hsa-miR-146b-5p,SLC5A5
hsa-miR-181c-5p,IL7
hsa-miR-302d-3p,IRF9
hsa-miR-212-3p,SMAD2
hsa-miR-132-3p,SMAD2
hsa-miR-409-3p,GAB1
hsa-miR-505-3p,AMFR
hsa-miR-34a-5p,RCAN1
hsa-miR-9-5p,BECN1
hsa-miR-214-5p,ITCH
hsa-miR-29a-5p,DKK1
hsa-miR-29a-5p,GSK3B
hsa-miR-3127-5p,PHLPP1
hsa-miR-3127-5p,PHLPP2
hsa-miR-101-5p,RAB1A
hsa-miR-107,SIAH1
hsa-miR-212-5p,MAF
hsa-miR-125a-3p,IL23R
hsa-miR-186-5p,TWIST1
hsa-miR-33b-5p,TWIST1
hsa-miR-326,BCL2L1
hsa-miR-211-5p,SATB2
hsa-miR-199a-3p,VEGFA
hsa-miR-199a-3p,FLT1
hsa-miR-203a-3p,FGF2
hsa-let-7a-5p,MAP4K4
hsa-miR-198,CCND2
hsa-miR-129-5p,NOTCH1
hsa-miR-141-5p,KEAP1
hsa-miR-9-3p,E2F1
hsa-miR-200b-5p,RHOA
hsa-let-7c-5p,CDC25A
hsa-miR-144-5p,ROCK1
hsa-miR-144-5p,ROCK2
hsa-miR-15a-5p,TNFAIP1
hsa-miR-10b-5p,CREB1
hsa-miR-363-3p,CREB1
hsa-miR-27a-3p,SMAD2
hsa-miR-181b-5p,KPNA4
hsa-miR-125b-5p,PTH1R
hsa-miR-98-3p,TWIST1
hsa-miR-99b-5p,ARID3A
hsa-let-7e-5p,ARID3A
hsa-miR-125a-5p,ARID3A
hsa-miR-34b-3p,USP22
hsa-miR-27a-3p,SIGLEC1
hsa-miR-27a-3p,TRIM27
hsa-miR-497-5p,TWIST1
hsa-miR-29b-3p,PIK3R1
hsa-miR-330-3p,EGR2
hsa-miR-494-5p,CXCR4
hsa-miR-144-5p,MET
hsa-miR-205-5p,SATB2
hsa-miR-138-5p,BAG1
hsa-miR-106b-5p,TNFSF11
hsa-miR-144-5p,CCNE1
hsa-miR-26a-5p,LARP1
hsa-miR-26b-5p,LARP1
hsa-miR-21-5p,CASP8
hsa-miR-21-5p,TRAF7
hsa-miR-30c-5p,FOXO3
hsa-miR-650,IFIT2
hsa-miR-374b-5p,WNT16
hsa-miR-374b-5p,AKT1
hsa-miR-202-5p,TNFSF13B
hsa-let-7a-5p,TNFAIP3
hsa-let-7e-5p,TNFAIP3
hsa-miR-486-5p,PIK3R1
hsa-miR-376c-3p,UGT2B15
hsa-miR-93-5p,MMP3
hsa-miR-135b-5p,MEF2C
hsa-miR-499a-3p,MEF2C
hsa-miR-24-3p,PDGFRB
hsa-miR-374a-3p,AXIN2
hsa-miR-185-3p,AKT1
hsa-miR-135a-5p,MMP11
hsa-miR-135a-5p,RBAK
hsa-miR-302a-3p,ABCA1
hsa-miR-24-3p,FGF11
hsa-miR-21-3p,ZNF350
hsa-miR-150-5p,ZNF350
hsa-miR-133b,MMP14
hsa-miR-214-3p,SUFU
hsa-miR-221-3p,MBD2
hsa-miR-210-3p,THSD7A
hsa-miR-214-3p,CTNNB1
hsa-miR-873-5p,SRCIN1
hsa-miR-124-3p,UHRF1
hsa-miR-205-5p,CCNJ
hsa-miR-613,KRAS
hsa-miR-744-5p,NKD1
hsa-miR-218-5p,BCL9
hsa-miR-1297,HMGA1
hsa-miR-4458,IGF1R
hsa-miR-24-3p,FBXW7
hsa-miR-200b-3p,FSCN1
hsa-miR-488-3p,BCL2L11
hsa-miR-23a-3p,GLS
hsa-miR-184,PKM
hsa-miR-10b-5p,HOXB3
hsa-miR-152-3p,PIK3R3
hsa-miR-26a-5p,SERBP1
hsa-miR-326,SP1
hsa-miR-451a,IL6
hsa-miR-182-5p,UQCRFS1
hsa-miR-101-5p,FOS
hsa-miR-558,AATK
hsa-miR-194-5p,PTPN12
hsa-miR-329-5p,RAB10
hsa-miR-214-3p,CPD
hsa-miR-363-3p,GAP43
hsa-miR-346,BRMS1
hsa-miR-448,IGF1R
hsa-miR-122-5p,VEGFC
hsa-miR-765,HES1
hsa-miR-338-5p,LPAR1
hsa-let-7b-5p,E2F2
hsa-miR-135a-5p,EGFR
hsa-miR-1283,ATF4
hsa-miR-613,BDNF
hsa-miR-199a-5p,SLC27A1
hsa-miR-124-3p,MTDH
hsa-miR-21-5p,IL12A
hsa-miR-194-3p,ARHGEF2
hsa-miR-141-3p,PAPPA
hsa-miR-301b-3p,NR3C2
hsa-miR-367-3p,FBXW7
hsa-miR-592,SOX9
hsa-miR-708-5p,KDM1A
hsa-miR-485-3p,PBRM1
hsa-miR-138-1-3p,ZEB2
hsa-miR-543,NOS3
hsa-miR-335-3p,NOS3
hsa-miR-16-5p,ARHGDIA
hsa-miR-328-3p,PLCE1
hsa-miR-124-3p,RAP2A
hsa-miR-9-5p,RAP2A
hsa-miR-224-5p,RAC1
hsa-miR-29a-3p,TFEB
hsa-miR-29a-3p,ATG9A
hsa-miR-93-5p,FOXA1
hsa-miR-151a-3p,IL12RB2
hsa-miR-23b-3p,VCAN
hsa-miR-663a,PLOD3
hsa-miR-130a-3p,MECP2
hsa-miR-449a,MYC
hsa-miR-377-3p,DNMT1
mmu-miR-101a-3p,CERS6
hsa-miR-195-3p,FGF2
hsa-miR-204-3p,KHDRBS1
hsa-miR-145-3p,PLCE1
hsa-miR-497-3p,SNAI2
hsa-miR-210-3p,BDNF
hsa-miR-144-3p,APP
hsa-miR-153-3p,IDO1
