hsa-miR-485-5p,SOCS2
hsa-miR-205-3p,KCNJ10
mmu-miR-33-3p,CDC34
hsa-miR-34a-5p,HDAC5
hsa-miR-297,TRIM33
hsa-miR-150-5p,HOXB4
hsa-miR-1283,WT1
hsa-miR-1283,MET
hsa-miR-4458,ITGA3
hsa-miR-105-5p,SPARC
hsa-miR-660-5p,SNX6
hsa-miR-744-5p,EP300
hsa-miR-346,MYCN
mmu-miR-509-3p,ARHGEF25
hsa-miR-596,GLS
hsa-miR-433-3p,AMOTL1
hsa-miR-612,NEU1
rno-miR-22-3p,GSR
hsa-miR-2861,CARM1
hsa-miR-302c-3p,NDRG1
hsa-miR-28-5p,TRIM8
hsa-miR-185-5p,KRAS
hsa-miR-613,PRKAB1
hsa-miR-592,ZBTB7A
hsa-miR-885-5p,FAM83F
hsa-miR-183-5p,TCL1A
hsa-miR-508-3p,UBE2I
hsa-miR-613,RAD52
hsa-miR-424-5p,NR1H3
hsa-miR-4653-3p,TM4SF1
hsa-miR-1226-3p,EGR1
hsa-miR-95-3p,APP
hsa-miR-892a,TRPS1
hsa-miR-484,RAB1B
hsa-miR-335-5p,HOXB7
hsa-miR-202-5p,IL7
hsa-miR-559,CTNNBIP1
hsa-miR-448,BRD7
hsa-miR-199b-3p,MCM5
hsa-miR-184,IFNB1
hsa-miR-5582-5p,TRIM68
hsa-miR-214-5p,AURKA
hsa-miR-590-5p,FRAT1
hsa-miR-328-3p,KIFC1
hsa-miR-196b-5p,NEUROG1
hsa-miR-4782-3p,PXDN
hsa-miR-202-3p,SLITRK1
hsa-miR-670-5p,CYP2B6
hsa-miR-1226-3p,NKX3-1
hsa-miR-10a-3p,EPHB2
hsa-miR-30c-2-3p,MEF2C
hsa-miR-152-3p,RELA
hsa-miR-30e-5p,CCL5
hsa-miR-33b-3p,SMYD3
hsa-miR-106a-5p,MICA
hsa-let-7i-5p,EGLN3
hsa-miR-626,TRPM7
rno-miR-218a-5p,CDX2
hsa-miR-409-3p,GNAI2
hsa-miR-3127-5p,ITGA3
hsa-miR-542-5p,CAPN6
hsa-miR-181d-5p,SGPL1
hsa-miR-377-3p,PRKAA1
hsa-miR-320d,RAB27A
hsa-miR-5582-5p,PAPPA
hsa-miR-664a-3p,RECK
hsa-miR-127-5p,STX12
hsa-miR-484,HYOU1
hsa-miR-320d,PRDM4
hsa-miR-196b-5p,RASA1
hsa-miR-638,CSNK2A1
rno-miR-22-3p,HMOX1
hsa-miR-130b-3p,XPO6
hsa-miR-208a-3p,ZFPM2
hsa-miR-342-5p,FAIM
hsa-let-7a-5p,MAP2K6
hsa-miR-2355-3p,MAGEA2
hsa-miR-33a-5p,ID4
hsa-miR-25-3p,NRP2
hsa-miR-718,CAMK1D
hsa-let-7i-5p,ST14
hsa-miR-222-3p,GALNT14
hsa-miR-15a-5p,CSNK2A1
hsa-miR-208a-3p,PLOD3
hsa-miR-922,CRK
hsa-miR-448,ABCC2
hsa-miR-125a-3p,EPHB2
hsa-miR-661,NR1H4
hsa-miR-449a,ELAVL1
hsa-miR-98-3p,ACTL6A
mmu-miR-155-5p,PLAT
hsa-miR-181a-5p,ING5
hsa-miR-199b-5p,APLN
hsa-miR-29a-3p,ACLY
hsa-miR-151a-5p,YES1
hsa-miR-494-5p,CRK
hsa-miR-221-5p,TTN
hsa-miR-141-5p,STARD13
hsa-miR-30e-5p,GAPDH
hsa-miR-107,IGBP1
hsa-miR-25-3p,CSF1
hsa-miR-509-3-5p,MAGI2
hsa-miR-376b-3p,SMURF1
hsa-miR-1297,NOTCH3
hsa-miR-142-3p,VDAC1
hsa-miR-186-5p,ATF4
mmu-miR-509-3p,NDST1
hsa-miR-30a-3p,SMARCD1
hsa-miR-891b,GAP43
hsa-miR-32-5p,UVRAG
hsa-miR-22-3p,SRR
hsa-miR-20b-3p,USP9X
hsa-miR-3196,SIVA1
hsa-miR-150-3p,GPC4
hsa-miR-143-5p,PIEZO1
hsa-miR-21-5p,NDST1
hsa-miR-4653-3p,CYP19A1
hsa-miR-1291,KIDINS220
hsa-miR-532-5p,PRKCA
mmu-miR-22-3p,PTPN13
hsa-miR-26b-5p,PDGFB
hsa-miR-154-5p,ZMPSTE24
hsa-miR-195-3p,ELN
cfa-miR-218,MED1
hsa-miR-24-3p,BAK1
hsa-miR-548i,PEG10
hsa-miR-539-3p,ITGA11
hsa-miR-296-3p,PDK1
hsa-miR-144-5p,NDRG1
mmu-miR-101a-3p,OTUD7B
hsa-miR-216b-5p,SCARB1
hsa-miR-203a-3p,ATG4D
hsa-miR-361-5p,KLF15
hsa-miR-33a-5p,CDC27
hsa-miR-138-5p,LOXL4
hsa-miR-141-3p,ITGA6
hsa-miR-187-3p,DLX5
hsa-miR-758-3p,RASA1
hsa-miR-545-3p,NCKAP1
hsa-miR-338-3p,PTMS
hsa-miR-98-5p,TKT
hsa-miR-139-3p,KMT5A
hsa-miR-4653-3p,NCAN
hsa-miR-760,GAPDH
hsa-miR-200c-3p,TNFAIP1
hsa-miR-216a-5p,GPD2
hsa-miR-509-3p,ADGRA2
hsa-miR-518a-5p,UBE2A
hsa-miR-892a,EIF5A2
hsa-miR-888-5p,MMP7
hsa-miR-125a-5p,CSNK1A1
hsa-miR-301a-3p,CRIM1
hsa-miR-1285-3p,TFCP2
hsa-miR-150-5p,KPNA4
hsa-miR-133a-3p,TRIM68
hsa-let-7a-3p,NCAN
hsa-miR-181b-2-3p,GPD1
hsa-miR-299-3p,NOS2
hsa-miR-136-5p,RCBTB1
hsa-miR-376c-3p,SMARCA2
hsa-miR-556-5p,NAA10
hsa-miR-425-5p,LAMC2
hsa-miR-486-5p,CD1C
hsa-miR-744-5p,NFIX
mmu-miR-155-5p,ANGPT2
hsa-miR-582-3p,CDK7
hsa-miR-548m,IGF1R
hsa-miR-494-3p,PTPRT
hsa-miR-630,ACTC1
hsa-miR-103a-3p,SNAI1
hsa-miR-370-3p,FOSL2
hsa-miR-15a-3p,ITGA11
hsa-miR-142-3p,SIX1
hsa-miR-199b-3p,TGFA
hsa-miR-495-3p,PGR
hsa-miR-216a-5p,CACNA1C
hsa-miR-378a-3p,LIFR
hsa-miR-4649-3p,CCL26
hsa-miR-1207-5p,SH3PXD2A
hsa-miR-216b-5p,GALNT14
hsa-miR-184,CXCL2
hsa-miR-500a-5p,ATP4A
hsa-miR-134-5p,LRRFIP1
hsa-miR-4782-3p,FKBP1B
hsa-miR-153-3p,FGFR1
hsa-miR-29a-3p,PTPN14
hsa-miR-215-3p,DDX17
hsa-miR-24-3p,SIX1
hsa-miR-625-3p,ACAT1
hsa-miR-92b-3p,GPD2
hsa-miR-23b-5p,PGR
hsa-miR-136-3p,AFTPH
hsa-miR-320b,JUNB
hsa-miR-100-5p,KLF17
hsa-miR-450b-5p,GOLPH3
hsa-miR-296-3p,FMNL3
hsa-miR-219a-1-3p,GFRA3
hsa-miR-200b-3p,CSNK2A2
hsa-miR-1236-3p,PPM1F
hsa-miR-320b,CDX2
hsa-miR-561-3p,THRB
hsa-miR-133a-3p,MAZ
hsa-miR-873-5p,GP1BA
hsa-miR-100-3p,TWIST2
hsa-miR-302d-3p,HOXC8
hsa-miR-214-5p,IL12A
hsa-miR-320b,SLC6A4
hsa-miR-9-5p,LEPR
hsa-miR-590-5p,BAMBI
hsa-miR-219a-5p,PDIA3
hsa-miR-142-5p,TNFAIP8
hsa-miR-550a-5p,SPAG9
hsa-miR-34a-3p,WNT7A
hsa-miR-558,AMFR
hsa-miR-24-1-5p,FAS
hsa-miR-199a-5p,REPS2
hsa-miR-15a-3p,ECM1
hsa-miR-340-5p,PON1
hsa-miR-1207-5p,PIK3CD
hsa-miR-153-3p,MEIS1
hsa-miR-18a-3p,APOB
hsa-miR-185-5p,TGFB3
hsa-miR-34b-3p,SOX17
hsa-miR-34a-5p,ABCB5
hsa-miR-492,TGFB3
hsa-miR-19a-5p,MMP9
hsa-miR-613,UQCRFS1
hsa-miR-10a-3p,MCM10
mmu-miR-155-5p,MYD88
hsa-miR-339-5p,HOXB4
hsa-miR-152-5p,AR
hsa-let-7a-3p,RUNX3
hsa-miR-1181,REL
mmu-let-7a-5p,HDAC5
hsa-miR-758-3p,VCAN
hsa-miR-23b-5p,ECT2
hsa-miR-383-5p,BMI1
hsa-miR-9-3p,FRAT1
hsa-miR-100-3p,PTGS2
hsa-miR-1260b,LRRK2
hsa-miR-370-3p,PBX3
hsa-miR-590-5p,EIF4A2
hsa-miR-30b-5p,ARL2
hsa-miR-596,CTNND1
hsa-let-7g-5p,FAM3A
hsa-miR-185-3p,PTPN7
hsa-miR-301b-3p,GSR
hsa-let-7d-5p,ST14
hsa-miR-218-5p,RAP2A
hsa-miR-200a-3p,CREB5
hsa-miR-142-3p,KMT5A
hsa-miR-558,G6PC3
hsa-miR-662,MBD2
hsa-miR-550a-5p,GBP2
hsa-miR-4701-5p,STMN1
hsa-miR-34c-3p,ALCAM
hsa-miR-941,WNT5A
hsa-miR-379-5p,TRAF2
hsa-miR-126-5p,FAF1
hsa-miR-155-5p,CDX1
hsa-miR-718,MAP2K3
mmu-miR-218-5p,EGFR
hsa-miR-338-3p,CTTN
hsa-miR-27a-3p,EP300
hsa-miR-4638-5p,HDAC7
hsa-miR-146a-5p,CYB5A
hsa-miR-149-5p,DIO1
hsa-miR-493-3p,IL13RA1
hsa-miR-1293,FLT4
hsa-miR-346,ZBTB2
hsa-miR-675-5p,IRF4
hsa-miR-30c-2-3p,IRF7
hsa-miR-24-3p,GLUL
hsa-miR-300,FMNL3
hsa-miR-433-5p,HOXA10
rno-miR-22-3p,TP73
hsa-miR-506-5p,PTPN14
hsa-miR-148a-5p,GSE1
hsa-miR-1246,LATS2
hsa-miR-892b,FGF11
hsa-miR-135b-3p,MAPK11
hsa-miR-377-3p,ACTB
hsa-miR-219a-1-3p,LPAR1
hsa-miR-362-5p,ADD3
hsa-miR-610,ID4
hsa-miR-502-3p,YES1
hsa-miR-552-3p,AURKB
hsa-miR-3188,CSF1
hsa-miR-324-5p,RBFOX2
hsa-miR-133b,ECHS1
hsa-miR-708-5p,ZYX
hsa-miR-448,ARC
hsa-miR-17-5p,SLC11A2
hsa-miR-760,TFPI2
hsa-miR-4284,OLFM4
hsa-miR-30a-5p,NR2C2
rno-miR-19b-3p,ARG2
hsa-miR-216a-5p,STAT6
hsa-miR-186-5p,ECHS1
hsa-miR-17-5p,RUNX3
hsa-miR-326,BMP1
hsa-miR-423-3p,APOC3
hsa-miR-337-5p,MYLK
hsa-miR-4689,PRDX3
hsa-miR-181b-5p,SND1
hsa-miR-466,PTPRO
hsa-miR-31-3p,VOPP1
hsa-miR-522-5p,GREM1
hsa-miR-96-3p,KCMF1
rno-miR-21-5p,CCNT2
hsa-miR-887-3p,TRIM68
hsa-miR-550a-3p,CAPN6
hsa-miR-130a-3p,NCAM1
hsa-miR-21-3p,SOX5
hsa-miR-186-5p,MYRF
hsa-miR-508-5p,KHDRBS1
hsa-miR-138-5p,ACVR1
hsa-miR-625-3p,SOX9
hsa-miR-301b-3p,CRMP1
hsa-miR-106b-5p,TAGLN2
hsa-miR-135a-3p,CBFB
hsa-miR-23c,ABCC5
mmu-miR-218-5p,VSIR
hsa-miR-663b,HDAC5
mmu-miR-133a-3p,IGF2BP3
hsa-miR-139-3p,ATP6V1B2
hsa-miR-338-3p,FRS2
hsa-miR-216b-5p,NGFR
hsa-miR-142-3p,ARHGEF2
hsa-miR-122-5p,CAMK1D
hsa-miR-744-5p,CERS6
hsa-miR-150-3p,PEA15
hsa-miR-664a-3p,JUNB
hsa-miR-181b-5p,BCL7A
hsa-miR-519a-3p,ITCH
hsa-miR-616-3p,HOXA9
hsa-miR-556-5p,DLX5
hsa-miR-411-5p,SLC6A4
hsa-miR-10a-3p,OLFM4
hsa-miR-298,BRMS1
hsa-miR-638,CAMTA1
hsa-miR-4674,KCNMA1
hsa-miR-483-3p,SOX17
hsa-miR-195-5p,MCM5
hsa-miR-181b-3p,ADCY9
hsa-miR-1224-5p,TCF3
hsa-miR-7-5p,VLDLR
hsa-miR-587,HDAC8
hsa-miR-365a-3p,OSBPL6
hsa-miR-506-5p,RNF2
hsa-miR-484,SOX2
hsa-miR-10b-5p,GAP43
hsa-miR-1246,COL5A3
hsa-miR-33b-5p,ATG4C
hsa-miR-202-3p,RBP2
hsa-miR-99b-3p,PLXNB1
hsa-miR-192-5p,RAP2A
hsa-miR-23c,EIF5A2
hsa-miR-122-5p,SSRP1
hsa-miR-675-5p,FOXP3
hsa-miR-1-3p,SCARB1
hsa-miR-509-5p,TRA2B
mmu-miR-133a-3p,FHIT
hsa-miR-129-2-3p,FXN
hsa-miR-330-3p,STX1A
hsa-miR-130a-3p,ETS1
hsa-miR-376a-5p,XRCC3
hsa-miR-136-3p,RAP1B
hsa-miR-663b,VSIR
hsa-miR-584-5p,NR2C2
hsa-let-7i-5p,FSTL1
hsa-miR-654-5p,IFT88
hsa-miR-23a-3p,XRCC5
hsa-miR-512-5p,PTK2
hsa-miR-4273,UBE3C
hsa-miR-424-5p,TCF7
hsa-miR-662,DLG1
hsa-miR-297,CAV2
hsa-miR-4701-5p,FBXW7
hsa-miR-340-3p,KIDINS220
hsa-miR-32-5p,DDAH1
hsa-miR-4653-3p,NTM
hsa-miR-548p,SUZ12
hsa-miR-485-3p,ADGRL4
hsa-miR-718,NPTX1
hsa-miR-4271,LIFR
hsa-miR-424-3p,ZDHHC9
hsa-miR-432-5p,ENPEP
hsa-miR-525-3p,ING4
hsa-miR-592,RNF11
hsa-miR-140-5p,TCEAL9
hsa-miR-4284,IFNG
mmu-miR-20a-5p,DHFR
hsa-miR-4516,TCL1A
hsa-miR-1236-3p,RCAN1
hsa-miR-34a-5p,ST7L
hsa-miR-1228-5p,ROCK1
hsa-miR-30c-1-3p,ANGPTL2
hsa-miR-513a-3p,ARHGDIB
hsa-miR-888-5p,PPP1CA
mmu-miR-34a-5p,NOTCH4
hsa-let-7g-3p,MAPK3
hsa-miR-381-3p,YAP1
hsa-miR-323a-3p,PLAC8
hsa-miR-548c-3p,ICAM1
hsa-miR-593-5p,TOX
hsa-miR-184,RARG
hsa-miR-330-5p,CTBP2
hsa-miR-135b-3p,CCP110
hsa-miR-506-3p,PHF10
hsa-miR-22-3p,ST8SIA4
hsa-miR-495-3p,PCDH8
hsa-miR-718,CELF2
hsa-miR-33a-5p,CEBPB
hsa-miR-223-3p,TMEM184B
hsa-miR-31-3p,MYADM
hsa-miR-659-3p,NUMBL
hsa-miR-125a-5p,SIX1
hsa-miR-194-3p,INSR
rno-miR-21-5p,CD226
hsa-miR-652-3p,CCNG1
hsa-miR-525-3p,LATS2
hsa-miR-17-3p,MYLK
hsa-miR-23a-3p,BRD4
hsa-miR-511-5p,PTPN6
hsa-miR-20b-5p,USF2
hsa-miR-29c-5p,RAB40B
hsa-miR-1224-5p,LRP1
hsa-miR-623,BCL3
hsa-miR-802,BAG4
hsa-miR-345-5p,TRIM11
hsa-miR-381-5p,ARHGEF25
mmu-miR-142a-5p,STK4
hsa-miR-369-3p,FEN1
hsa-miR-22-3p,FLT4
hsa-miR-508-3p,GSK3B
hsa-miR-186-5p,GLUL
rno-miR-19a-3p,FOXN1
hsa-miR-922,KIF26B
hsa-miR-205-3p,CTTN
hsa-miR-98-5p,DNMT3A
hsa-miR-21-3p,SFRP4
ptr-miR-182,COL4A1
hsa-miR-519a-3p,ABCB11
hsa-miR-145-3p,POU2F1
hsa-miR-1228-3p,S100A8
hsa-miR-29a-3p,CERS6
hsa-miR-1236-3p,ANXA2
hsa-miR-542-3p,SRXN1
hsa-miR-1258,WNT4
hsa-miR-4638-5p,GPD2
hsa-miR-1256,CD1C
hsa-miR-526b-3p,ESR2
hsa-miR-644a,TCEAL9
hsa-miR-505-3p,SRF
hsa-miR-542-5p,KCNN4
hsa-miR-493-3p,PPP2R5E
hsa-miR-100-3p,PHLPP2
hsa-miR-130a-3p,MEGF9
hsa-miR-302a-3p,PRDM16
rno-miR-19a-3p,PCDH8
hsa-miR-19a-3p,STK3
hsa-miR-490-3p,RAB1B
hsa-miR-29a-3p,PAX3
hsa-miR-21-5p,NSUN5
hsa-miR-296-5p,STARD13
hsa-miR-1260b,NKIRAS2
hsa-miR-30e-5p,YWHAG
hsa-miR-124-5p,HMBOX1
hsa-miR-20a-5p,PMAIP1
hsa-miR-136-5p,SFRP5
hsa-miR-18a-5p,BRD7
hsa-miR-29a-5p,IGFBP2
hsa-miR-518b,SNAI3
hsa-miR-198,SCARB1
hsa-miR-499a-5p,KAT5
hsa-miR-335-5p,CCR7
hsa-miR-485-3p,GNAI2
hsa-miR-455-3p,BCL2L11
hsa-miR-425-5p,IL24
hsa-miR-365a-3p,JUNB
hsa-miR-488-5p,ADGRL4
hsa-miR-101-3p,BRD4
hsa-miR-30c-1-3p,LMNA
mmu-let-7a-5p,MMP7
hsa-miR-212-5p,PRDM1
hsa-let-7a-3p,NCOA1
hsa-miR-584-3p,MMP16
hsa-miR-93-5p,SUFU
hsa-miR-371a-3p,BCL2L1
hsa-miR-205-5p,CYP3A4
hsa-miR-212-3p,CYLD
hsa-miR-218-5p,GADD45A
hsa-miR-769-5p,TOMM20
hsa-miR-448,CYP8B1
hsa-miR-127-5p,IL6
hsa-miR-525-3p,WNT2
hsa-miR-18b-5p,CCNT2
hsa-miR-708-5p,RHOG
hsa-miR-548p,TRIB3
hsa-miR-665,MAP3K11
hsa-miR-542-3p,NEU1
hsa-miR-200b-3p,FUT2
hsa-miR-506-3p,TRIM2
hsa-miR-1228-3p,TERF1
hsa-miR-5787,PTPN9
mmu-miR-34a-5p,MMP16
hsa-miR-149-5p,GCM1
mmu-miR-22-3p,ETS1
hsa-miR-198,CDC6
hsa-miR-765,GBP2
hsa-miR-212-5p,ACAT1
hsa-miR-655-3p,MX1
hsa-miR-1-5p,ALCAM
hsa-miR-146b-5p,SPRY1
hsa-miR-124-3p,CTNND1
hsa-miR-608,RASGRP1
hsa-miR-665,APAF1
hsa-miR-940,PRDM4
hsa-miR-663a,ATG9A
hsa-miR-145-5p,TERF2
hsa-miR-449c-5p,ANGPTL2
hsa-miR-127-3p,ALPL
hsa-miR-302d-3p,ARRB2
hsa-miR-520g-3p,ANXA1
hsa-miR-105-5p,TRIM33
hsa-miR-15a-5p,CCBE1
hsa-miR-550a-5p,PPIF
hsa-miR-1226-3p,RELN
hsa-miR-135a-5p,CAMTA1
hsa-miR-2861,HBEGF
hsa-miR-411-5p,TNFRSF10B
hsa-miR-4437,MTDH
hsa-miR-4638-5p,EMP3
hsa-miR-139-3p,BMF
hsa-miR-508-3p,WASF3
hsa-miR-525-3p,ANKH
hsa-miR-3127-5p,NTM
hsa-miR-4728-5p,SGPL1
hsa-miR-30c-2-3p,TCF4
hsa-miR-374a-5p,TNFRSF10B
hsa-miR-342-5p,HCN4
hsa-miR-520g-3p,PDK1
hsa-miR-935,EN2
hsa-miR-542-5p,CBX7
hsa-miR-193a-5p,KRAS
hsa-miR-127-3p,ST14
hsa-miR-522-5p,MMP3
hsa-miR-573,ISCU
hsa-miR-23a-5p,PBX3
hsa-miR-193b-5p,ZMPSTE24
hsa-miR-33b-3p,ICAM1
hsa-miR-887-3p,FGF1
hsa-miR-520g-3p,FOXP3
hsa-miR-573,SHMT2
hsa-miR-196b-5p,PEBP1
hsa-miR-378b,AACS
hsa-let-7i-5p,CXCL12
hsa-miR-503-3p,KCNJ10
hsa-miR-208b-3p,INHBB
hsa-miR-148b-3p,TMEM184B
hsa-miR-504-5p,CCP110
hsa-miR-362-5p,PRKDC
hsa-miR-1289,USP4
hsa-miR-625-3p,SP7
hsa-miR-33a-5p,RPIA
hsa-miR-448,KCNE1
hsa-miR-101-3p,TACSTD2
hsa-miR-148b-3p,DLL1
hsa-miR-376a-3p,KPNB1
hsa-miR-361-5p,ANKRD46
hsa-miR-215-5p,UHRF1
hsa-miR-195-5p,LGALS9
hsa-miR-625-3p,HMGN2
hsa-miR-30e-5p,PCLAF
hsa-miR-3127-5p,MYO10
hsa-miR-367-3p,GAS1
rno-miR-200c-3p,PTPN22
hsa-miR-197-3p,ARG2
hsa-miR-615-3p,CDK2
hsa-miR-223-3p,NFATC1
hsa-miR-940,FOXP3
hsa-miR-195-5p,WNT4
hsa-miR-191-5p,PRKD1
hsa-miR-548i,GADD45A
hsa-miR-34c-3p,REL
hsa-miR-518b,TCF4
hsa-miR-152-3p,NFKBIZ
hsa-miR-622,RPA1
hsa-miR-433-5p,SPI1
hsa-miR-138-1-3p,ACAT1
hsa-miR-3622b-5p,LAMP1
hsa-miR-15b-3p,SMURF1
hsa-miR-3188,TFF1
hsa-miR-548a-3p,VDAC1
hsa-miR-20b-5p,PRKAA2
hsa-miR-542-5p,PROX1
hsa-let-7g-5p,INPP5D
hsa-miR-130a-3p,ACTB
hsa-miR-199b-5p,TRAF7
hsa-miR-708-5p,ABCC2
hsa-miR-340-3p,PDGFC
hsa-miR-9-5p,CNR1
hsa-miR-186-5p,PIGF
hsa-miR-519a-3p,MBD2
hsa-miR-539-3p,CD82
hsa-miR-3622b-5p,PMEPA1
hsa-miR-589-5p,RHOA
hsa-miR-424-5p,RAB22A
hsa-miR-18a-3p,ACTL6A
hsa-miR-125a-5p,SIRT7
hsa-miR-524-5p,PTPN23
hsa-miR-558,MSLN
hsa-miR-16-5p,TFF1
hsa-miR-486-3p,LATS2
hsa-miR-190a-5p,PDPN
rno-miR-218a-5p,DOCK3
hsa-miR-23b-5p,RPS23
hsa-miR-665,GLS2
hsa-miR-106b-5p,ESRRG
hsa-miR-10a-3p,SMAD5
hsa-miR-4271,FEN1
hsa-miR-485-3p,LACTB
hsa-miR-3978,AURKA
hsa-miR-218-5p,TLR4
hsa-miR-573,ATG4D
hsa-miR-505-3p,SOCS2
hsa-miR-181b-3p,MYOD1
hsa-miR-135b-5p,DYRK2
hsa-miR-148a-3p,MAP2K4
hsa-miR-505-3p,EPSTI1
mmu-miR-22-3p,TGFB1
hsa-miR-301b-3p,HMX1
hsa-miR-340-5p,PPM1E
hsa-miR-367-3p,CHUK
hsa-miR-136-5p,NCSTN
hsa-miR-506-3p,ZBTB7A
hsa-miR-3941,CAV1
hsa-miR-342-5p,MUC1
hsa-miR-3940-5p,SRSF11
hsa-miR-548a-5p,NDUFA4
hsa-miR-612,WNT7A
hsa-miR-502-3p,ARPC5
hsa-miR-515-5p,EFNA3
hsa-miR-454-3p,FHOD1
hsa-miR-155-5p,ID1
hsa-miR-134-5p,GPR55
hsa-miR-20b-3p,MYCBP
hsa-miR-296-5p,HSP90B1
hsa-miR-4728-5p,SH3PXD2A
hsa-miR-206,DOCK6
hsa-miR-662,TRPM7
hsa-miR-328-3p,POLD1
hsa-miR-127-5p,DCBLD2
mmu-miR-16-5p,RMND5A
hsa-miR-484,PTGR1
hsa-miR-136-5p,BTG2
hsa-miR-509-5p,REST
hsa-miR-497-5p,GLS2
hsa-miR-509-5p,REPS2
hsa-miR-655-3p,BMF
hsa-miR-520h,UBE2I
hsa-miR-106b-5p,NAIF1
hsa-miR-30c-2-3p,RAB38
hsa-miR-378a-5p,CRIM1
hsa-miR-499a-5p,TMEM184B
hsa-miR-488-5p,CCNG2
hsa-miR-718,NPNT
hsa-miR-423-5p,AURKB
hsa-miR-4516,NFYB
hsa-miR-126-5p,ADCY6
hsa-miR-19a-5p,JUNB
hsa-miR-181c-5p,ABCB9
hsa-miR-181b-3p,SP1
mmu-miR-200c-3p,NR3C1
hsa-miR-30c-1-3p,RAP2A
hsa-miR-659-3p,FEN1
hsa-miR-362-3p,PPP2R2A
hsa-miR-616-5p,SPAG5
hsa-miR-518b,SLC7A6
hsa-miR-522-3p,IFNB1
hsa-miR-23b-3p,IL1B
hsa-miR-885-5p,IL24
hsa-miR-331-3p,UBQLN1
hsa-miR-451a,TCF4
rno-miR-200c-3p,FOXP2
hsa-miR-762,PATZ1
hsa-miR-181d-5p,TPPP3
hsa-miR-33a-5p,TET1
hsa-miR-449a,WIF1
hsa-miR-219a-1-3p,MYLK
hsa-miR-135b-3p,GCLC
hsa-miR-654-5p,ROCK1
hsa-miR-299-3p,PER1
hsa-miR-20b-3p,ERN1
hsa-miR-378b,MBNL1
hsa-miR-128-3p,ERBB3
hsa-miR-515-5p,SHMT2
hsa-miR-3978,TRA2B
hsa-miR-569,NF1
hsa-miR-145-5p,CYC1
hsa-miR-508-5p,PIK3R1
hsa-miR-874-3p,CAMSAP1
hsa-miR-615-5p,CCNG2
hsa-miR-622,CCP110
hsa-miR-133a-3p,RHOA
hsa-miR-1-3p,TGFA
hsa-miR-135b-5p,ADGRA2
hsa-miR-152-5p,EDN1
hsa-miR-219a-1-3p,RPA1
hsa-miR-208b-3p,VCAN
hsa-miR-130a-3p,FHIT
hsa-miR-297,TNFAIP3
hsa-miR-516a-3p,GRM4
hsa-miR-376a-5p,ATP6AP2
hsa-miR-331-3p,TRIM29
hsa-miR-487a-3p,HMGN2
hsa-miR-539-5p,GALNT4
hsa-miR-424-3p,PBX3
hsa-miR-140-3p,RAB40B
hsa-miR-135a-3p,NANOG
hsa-miR-27a-3p,CRTC1
hsa-miR-411-5p,PHLPP1
hsa-miR-144-3p,NR3C1
hsa-miR-433-5p,VGLL4
hsa-miR-23a-3p,GPC5
hsa-miR-663a,TPM1
hsa-miR-590-5p,STARD13
hsa-miR-548i,EIF4EBP1
hsa-miR-381-3p,TFF1
hsa-miR-497-3p,VOPP1
hsa-miR-19a-3p,ADAMTS6
hsa-miR-488-5p,GLUL
hsa-miR-424-3p,ADAMTS6
hsa-miR-1269b,RNF123
hsa-miR-623,ADORA2A
hsa-miR-10a-5p,AATK
hsa-let-7d-5p,PPP2R2A
hsa-miR-483-5p,CCNA2
hsa-miR-940,ATG2B
hsa-miR-4284,CSNK2A2
hsa-miR-1181,EIF4A2
hsa-miR-488-5p,BCL6
hsa-miR-543,SLC31A1
hsa-miR-765,ACTC1
hsa-miR-506-5p,EPHB1
hsa-miR-4516,XRCC3
hsa-miR-616-5p,NFE2L2
hsa-miR-660-5p,EDN1
hsa-miR-708-5p,ERGIC3
hsa-miR-2861,CDKN1A
rno-miR-25-3p,FAS
hsa-miR-378a-3p,CDC6
hsa-miR-922,REG4
hsa-miR-141-3p,SLC7A6
hsa-miR-494-3p,PTK2B
hsa-miR-200c-3p,PTGER2
hsa-miR-708-5p,FZD6
hsa-miR-616-3p,NF1
hsa-miR-30d-5p,IL4
hsa-miR-491-5p,HDGF
hsa-miR-4273,NLRC5
hsa-miR-151a-5p,TRIM54
hsa-miR-424-3p,MAP4K3
hsa-miR-449a,PTPN7
hsa-miR-181b-2-3p,PIK3R1
hsa-miR-589-5p,DAXX
hsa-miR-432-5p,RHOA
hsa-miR-26a-5p,ABCB5
hsa-miR-92a-3p,SNX30
hsa-miR-455-3p,KCNJ10
hsa-miR-503-3p,TRIM33
hsa-miR-5787,CAMK1D
hsa-miR-147a,CROT
hsa-miR-522-3p,PIK3R2
hsa-miR-888-5p,CDC40
hsa-miR-362-3p,REPIN1
hsa-miR-940,KCNJ10
hsa-miR-489-3p,BBC3
hsa-miR-466,NCOR2
hsa-miR-195-5p,TOB2
hsa-miR-320b,IGF2BP1
hsa-miR-204-5p,TCL1A
hsa-miR-370-3p,NOVA1
hsa-miR-29a-5p,NCKAP1
hsa-miR-133b,IL34
hsa-miR-370-3p,ZC3H12A
hsa-miR-145-3p,SNCA
hsa-miR-122-3p,RAB40B
hsa-miR-769-5p,PIK3CA
hsa-miR-202-5p,PTX3
hsa-miR-802,EIF4A1
hsa-miR-151a-5p,DLX5
hsa-miR-888-5p,CBLB
hsa-miR-485-3p,TRIM68
hsa-miR-181c-5p,EN2
hsa-miR-203a-3p,HPGD
hsa-miR-623,METTL3
hsa-miR-125b-5p,REPS2
hsa-miR-124-5p,UGT2B15
hsa-miR-493-3p,DFFA
hsa-miR-18a-5p,TBK1
hsa-miR-26a-5p,PREX2
hsa-miR-195-5p,FGF1
hsa-miR-556-5p,GLUL
hsa-miR-338-5p,IRF2
hsa-miR-135b-5p,TRIM68
hsa-miR-548d-3p,VAMP2
hsa-miR-98-5p,DCBLD2
hsa-miR-208b-3p,SFRP5
mmu-miR-20a-5p,WNK4
hsa-miR-1236-3p,RPS6KA5
hsa-miR-27a-5p,IRF1
rno-miR-200c-3p,VOPP1
hsa-miR-150-5p,FES
hsa-miR-26b-5p,PTBP2
hsa-miR-665,MTHFD1
hsa-miR-16-5p,HSP90B1
hsa-miR-301b-3p,TNK2
hsa-miR-505-3p,PLOD3
hsa-miR-142-5p,CCNA2
hsa-miR-610,POU3F2
hsa-miR-329-3p,SRCIN1
hsa-miR-218-2-3p,SNCG
hsa-miR-224-5p,SLITRK1
hsa-miR-670-5p,DAPK2
hsa-miR-3178,HDAC8
hsa-miR-4271,HSP90B1
hsa-miR-582-5p,FGF7
hsa-miR-550a-5p,USP4
hsa-miR-466,SMAD5
hsa-miR-5787,TCF3
hsa-miR-192-3p,TRIM24
hsa-miR-452-5p,IL23R
hsa-miR-1256,HIVEP2
rno-miR-218a-5p,GSK3B
hsa-miR-519d-3p,MAP3K12
hsa-miR-16-5p,PDGFRB
hsa-miR-204-3p,KRT5
hsa-miR-675-5p,SLC9A1
hsa-miR-518a-5p,RASSF8
hsa-miR-429,PEBP1
hsa-miR-181d-5p,CYP2C9
hsa-miR-515-5p,PLAG1
hsa-miR-202-3p,G6PC3
hsa-miR-550a-5p,ELAVL1
hsa-miR-449a,KDM1A
hsa-miR-135b-3p,NTF3
hsa-miR-381-5p,JPT1
hsa-miR-154-5p,FOXP2
hsa-miR-1271-5p,FOXJ3
hsa-miR-192-3p,BBC3
hsa-miR-650,NFYC
hsa-miR-198,DDIT4
hsa-miR-211-5p,ARRB2
hsa-miR-522-3p,CRTC1
hsa-miR-92a-3p,TNFRSF10A
hsa-miR-216a-5p,TRIM31
hsa-miR-122-3p,SOX17
hsa-miR-3196,TRIM29
hsa-miR-126-5p,STUB1
hsa-miR-548p,TMED7
hsa-miR-191-5p,TSPAN1
hsa-miR-191-5p,ST8SIA4
hsa-miR-663a,CDKN2D
hsa-miR-379-5p,ATG4C
hsa-miR-599,RRAS2
hsa-miR-30e-5p,CD276
hsa-miR-142-5p,KLF15
hsa-miR-485-5p,SPI1
hsa-miR-194-5p,KRT5
hsa-miR-17-5p,CCL26
hsa-miR-371a-3p,LARP4
hsa-miR-323a-3p,ATG7
hsa-miR-1207-5p,LGALS9
hsa-miR-125b-1-3p,NSUN5
hsa-miR-490-3p,ROR1
hsa-miR-212-3p,FNDC3B
hsa-miR-204-3p,FNDC3A
hsa-miR-338-5p,EGR1
hsa-miR-454-3p,TRIM13
hsa-let-7c-5p,MYL9
hsa-miR-3189-3p,SOX2
hsa-miR-367-3p,CTTN
hsa-miR-505-3p,MFF
hsa-miR-944,PIK3CA
hsa-miR-152-3p,SLC15A1
hsa-miR-100-5p,PLXNB1
hsa-miR-33a-5p,IL4
hsa-miR-320c,G6PD
hsa-miR-369-3p,CCL7
hsa-miR-1285-3p,DYRK2
hsa-miR-154-5p,TLR7
hsa-miR-526b-5p,LIFR
hsa-miR-155-5p,ACVR1
hsa-miR-29a-5p,EPHA2
hsa-miR-4273,SPHK1
hsa-let-7g-3p,NR3C1
hsa-miR-539-5p,ESR2
hsa-miR-30c-1-3p,CHUK
hsa-miR-33b-5p,DDR1
hsa-miR-197-3p,EP300
hsa-miR-4458,MYB
hsa-miR-20a-3p,VSIR
hsa-miR-197-3p,IFNB1
hsa-miR-27b-3p,FHOD1
hsa-miR-1256,COL4A1
hsa-miR-650,TIMP1
hsa-miR-181b-5p,ROCK1
hsa-miR-499a-5p,CXCL5
hsa-miR-200c-5p,KDM2B
hsa-miR-485-5p,OSTF1
hsa-miR-508-5p,BTG1
hsa-miR-340-3p,EIF4A1
mmu-miR-133a-3p,TAGLN2
hsa-miR-95-3p,PPP2CB
hsa-miR-369-3p,PRAP1
hsa-miR-25-3p,TKT
hsa-miR-181b-2-3p,CYP2C9
hsa-miR-199a-3p,AKT1
hsa-miR-20a-3p,UBQLN1
hsa-miR-561-3p,NEU1
hsa-miR-548d-3p,THBS1
hsa-miR-483-5p,WNT4
hsa-miR-148a-3p,TOP1
hsa-miR-27b-3p,ANKH
mmu-miR-1192,SLC11A2
hsa-miR-340-3p,MYO10
hsa-miR-550a-3p,CBFB
hsa-miR-134-5p,TAT
hsa-miR-542-3p,MAGI2
hsa-miR-548c-3p,IL6
hsa-miR-500a-5p,TWIST1
hsa-miR-485-5p,SLC7A5
hsa-miR-335-5p,FES
hsa-miR-302c-3p,NDST1
hsa-miR-519a-3p,TWIST1
hsa-miR-326,SOCS6
hsa-miR-193a-5p,TUBB3
hsa-miR-33b-5p,PBK
hsa-miR-654-5p,MIF
hsa-miR-503-5p,JMY
hsa-miR-185-3p,NCAPG
hsa-miR-187-3p,NUMBL
hsa-miR-30e-5p,HYOU1
hsa-miR-1293,CXCL8
hsa-miR-939-5p,RAB6B
hsa-miR-30c-5p,HIVEP2
hsa-miR-33a-5p,MYC
hsa-miR-320d,MTAP
hsa-miR-335-3p,LMNA
hsa-miR-15b-5p,TNFSF11
hsa-miR-506-3p,SOX4
hsa-miR-143-5p,CAMSAP1
hsa-miR-766-3p,APOBEC3A
hsa-miR-663a,PTPN13
hsa-miR-136-5p,ZNF395
hsa-miR-129-2-3p,MED13
hsa-miR-454-3p,TNKS2
hsa-let-7f-5p,MGMT
hsa-miR-708-5p,TERF1
hsa-miR-183-5p,CTDNEP1
hsa-miR-550a-5p,PLXNC1
hsa-miR-330-5p,MAF
hsa-miR-590-5p,ACTC1
hsa-miR-34b-3p,LIN28A
hsa-miR-520g-3p,TRIM71
hsa-miR-328-3p,RGS3
hsa-miR-499a-5p,SMC1A
hsa-miR-3196,PDE4D
hsa-miR-93-5p,ADAM17
hsa-miR-144-5p,HDAC1
hsa-miR-9-3p,CDK2AP1
hsa-miR-371a-5p,PIM3
hsa-miR-326,FLT1
hsa-miR-383-5p,DLL1
hsa-miR-34b-3p,RHOA
hsa-miR-19a-3p,SOX17
hsa-miR-298,ID1
hsa-miR-125a-5p,FAIM
hsa-miR-9-5p,CCR7
hsa-miR-33b-3p,UBE3C
hsa-miR-558,GNAI2
hsa-miR-196b-5p,BAP1
hsa-miR-127-5p,LRP5
hsa-miR-539-3p,PHLPP2
hsa-miR-483-3p,LOXL2
hsa-miR-125b-5p,ILK
hsa-miR-33b-5p,KIFC1
hsa-miR-603,ARHGEF2
hsa-miR-145-3p,RHOBTB1
hsa-miR-216a-5p,KCNMA1
hsa-miR-31-3p,BMPR2
hsa-miR-34a-3p,MAT2A
hsa-miR-522-3p,TCF7
hsa-miR-4689,PIK3R1
ptr-miR-182,LCOR
hsa-miR-589-5p,IFI27
hsa-miR-145-5p,TTC13
hsa-miR-376a-3p,ADAM17
hsa-miR-584-5p,DRD1
hsa-miR-711,MYRF
hsa-miR-508-3p,PRODH
hsa-miR-204-5p,MXI1
hsa-let-7a-5p,NAMPT
hsa-miR-23a-3p,SNCA
hsa-miR-320d,ATF1
hsa-miR-92a-3p,GLUL
hsa-miR-29c-5p,VAV2
hsa-miR-100-3p,APOC3
hsa-miR-148b-3p,CHUK
hsa-miR-142-3p,INPPL1
hsa-miR-182-5p,CSF1
hsa-miR-296-5p,CBFB
hsa-miR-30a-5p,RHOU
hsa-miR-378b,EN2
hsa-miR-1271-5p,XRCC2
hsa-miR-888-5p,MCAT
hsa-miR-199b-3p,NFKB1
mmu-miR-1192,LAMB3
hsa-miR-155-5p,CAMSAP1
hsa-miR-760,KLF3
hsa-miR-99b-3p,CPEB1
hsa-miR-1293,CAPNS1
hsa-miR-454-3p,ASCL1
hsa-miR-593-5p,PCDH8
hsa-miR-199a-5p,POLR1H
hsa-miR-552-3p,PTPN23
hsa-miR-1470,USP28
hsa-miR-372-3p,IL10
hsa-miR-944,TACSTD2
hsa-miR-346,TM4SF1
hsa-miR-625-3p,PIGF
hsa-miR-1260b,OSTF1
hsa-miR-509-5p,BMP4
hsa-miR-27a-5p,DFFA
hsa-miR-101-5p,EFNA1
hsa-miR-663a,CASR
hsa-miR-208b-3p,WIF1
hsa-miR-718,RGS3
hsa-miR-1180-3p,RCBTB1
hsa-miR-486-5p,MAP3K5
hsa-miR-182-3p,ID2
hsa-miR-744-5p,LPAR1
hsa-miR-650,PA2G4
hsa-miR-184,ENPEP
hsa-miR-27a-5p,CD38
hsa-miR-663a,NPC1
hsa-miR-320c,CCL26
hsa-miR-372-3p,CDC6
hsa-miR-7-5p,ESRRG
hsa-miR-888-5p,ITGB1
hsa-miR-140-3p,PPP1R10
hsa-miR-362-5p,PTTG1
hsa-miR-493-3p,DIO1
hsa-miR-29a-5p,INO80
hsa-miR-197-5p,USP4
hsa-miR-4653-3p,MYADM
hsa-miR-139-5p,PTPN13
hsa-miR-129-5p,TCF3
hsa-miR-106b-5p,PMAIP1
hsa-miR-10a-5p,CCKBR
hsa-miR-492,ILK
mmu-miR-101a-3p,IGBP1
hsa-miR-410-3p,CDH11
hsa-miR-3188,PLAT
hsa-miR-492,G6PC3
hsa-miR-92b-3p,TWF1
hsa-miR-3188,AGO4
hsa-miR-340-5p,CXCL5
rno-miR-19a-3p,NOTCH3
hsa-miR-1260b,MAP3K8
hsa-miR-630,APC
hsa-miR-148b-3p,TBX3
hsa-miR-29c-3p,AR
hsa-miR-15b-5p,RAB6B
hsa-miR-107,KRT5
hsa-miR-4271,UHRF1
hsa-miR-626,ELAVL1
hsa-miR-1246,KDM1B
hsa-miR-892b,SRSF11
hsa-miR-522-3p,POU3F2
hsa-miR-125b-1-3p,PTBP1
hsa-miR-629-5p,PITX3
hsa-let-7f-5p,ERRFI1
hsa-let-7i-5p,HCN4
hsa-miR-525-3p,PITX3
hsa-miR-98-5p,LIMK1
hsa-miR-300,WNT2
hsa-miR-373-3p,FGF1
hsa-miR-376a-3p,COL4A2
hsa-miR-525-3p,ABL1
hsa-miR-664a-3p,HDAC5
hsa-miR-218-5p,HIF1AN
hsa-miR-29a-3p,PCLAF
hsa-miR-4674,ZBTB11
hsa-miR-1283,BMP1
hsa-miR-488-5p,JUN
hsa-miR-106b-5p,RAP1B
hsa-miR-374a-3p,PDCD10
hsa-miR-3188,ARF4
hsa-miR-103a-3p,BDNF
hsa-miR-940,PKM
hsa-miR-140-5p,CD82
hsa-miR-662,ERGIC3
hsa-miR-613,BAP1
hsa-miR-211-5p,RAD52
hsa-miR-142-5p,SLC1A2
hsa-miR-215-5p,PDGFRA
hsa-miR-377-3p,LRP2
hsa-miR-143-5p,DYRK2
hsa-miR-891b,ZDHHC9
mmu-miR-133a-3p,VIM
hsa-miR-146b-5p,ARHGAP5
rno-miR-125a-5p,SMC1A
hsa-miR-152-5p,IKBKE
hsa-miR-21-5p,DIMT1
hsa-miR-520c-3p,CCL5
hsa-miR-181c-5p,CXCL12
hsa-miR-105-5p,PMEPA1
hsa-miR-494-5p,ERG
hsa-miR-202-3p,FGF9
hsa-miR-100-5p,NRP2
hsa-let-7f-5p,LCOR
hsa-miR-193b-3p,IGF1
hsa-miR-340-5p,SND1
hsa-miR-589-5p,NCKAP1
hsa-miR-200b-5p,WNT3A
hsa-miR-888-5p,TOB2
hsa-miR-93-3p,SLC6A8
hsa-miR-423-5p,LRP6
hsa-miR-625-5p,PEA15
hsa-miR-589-5p,TOB2
hsa-miR-10a-5p,ATG9A
hsa-miR-374a-5p,ZEB2
hsa-miR-320d,SPRED1
hsa-miR-509-3-5p,S100B
hsa-miR-328-3p,STX1A
hsa-miR-379-5p,FNDC3A
hsa-miR-1470,EPHB1
hsa-miR-146a-3p,BMPR2
hsa-miR-4295,SPI1
hsa-miR-505-3p,KRT5
hsa-miR-548p,ICAM1
hsa-miR-4653-3p,INSR
hsa-miR-328-3p,VEGFC
hsa-miR-4701-5p,RNF11
hsa-miR-1246,SKI
hsa-miR-141-5p,DLL4
hsa-miR-152-3p,CD82
hsa-miR-31-3p,STK40
hsa-miR-129-5p,LRRFIP1
hsa-miR-15b-5p,KCNMA1
hsa-miR-449c-5p,SIX1
hsa-miR-205-5p,POU3F2
hsa-miR-485-5p,EPHB1
hsa-miR-4722-5p,CXCR6
hsa-miR-20b-5p,KIDINS220
hsa-miR-216a-5p,BMF
hsa-miR-1228-5p,SCARB1
hsa-miR-3189-3p,ITGB8
hsa-miR-151a-5p,KLF17
hsa-miR-302a-3p,BMPR1B
hsa-miR-301b-3p,PRKCD
hsa-miR-142-5p,CPEB4
hsa-miR-424-3p,CHUK
hsa-miR-922,CASC3
hsa-miR-384,RAB34
hsa-miR-193a-3p,WNT5A
hsa-miR-151a-5p,GADD45A
hsa-miR-34b-5p,TRAF5
hsa-miR-337-3p,CCL26
hsa-miR-765,CBX7
hsa-miR-4689,TCEAL1
hsa-miR-146b-5p,ARG2
hsa-miR-106b-5p,TYMS
hsa-miR-497-5p,PPP3CA
hsa-miR-99a-5p,MARCKS
hsa-miR-363-3p,KPNB1
hsa-miR-194-5p,AMACR
hsa-miR-202-5p,COL4A2
hsa-miR-139-3p,NLN
hsa-miR-1226-3p,EGFR
hsa-miR-625-5p,PLXNC1
hsa-miR-31-3p,IFNB1
hsa-miR-363-3p,MMP8
hsa-miR-451a,ARHGAP5
hsa-miR-493-3p,ATP7A
hsa-miR-9-3p,CDH2
hsa-miR-381-5p,TGFBI
hsa-miR-138-5p,RREB1
hsa-miR-892b,IL1B
hsa-miR-147a,MMD
hsa-miR-215-5p,POLD1
hsa-miR-3941,CADM1
hsa-miR-132-3p,CDK7
hsa-miR-378a-3p,ITGA11
hsa-miR-376b-3p,CSNK1A1
hsa-miR-548a-3p,PIK3R1
hsa-miR-1228-5p,CDC27
hsa-miR-151a-3p,CASR
hsa-miR-4701-5p,UBA7
hsa-miR-615-3p,CYP3A4
hsa-miR-495-3p,HGF
hsa-miR-154-5p,CXCR6
rno-miR-200c-3p,SLC7A5
hsa-miR-23b-5p,LAMP1
hsa-miR-29c-3p,BAG1
hsa-miR-502-5p,SLC1A2
hsa-miR-129-1-3p,CD80
mmu-miR-34a-5p,CCNT1
hsa-miR-1246,FOXF2
hsa-miR-1260b,FOXQ1
hsa-miR-206,CAT
hsa-miR-625-5p,NOTCH3
hsa-miR-525-3p,CIT
hsa-miR-587,SIRT7
hsa-miR-4638-5p,TBX19
hsa-miR-199a-3p,IER2
hsa-miR-152-5p,HDAC8
hsa-miR-451a,WNT4
hsa-miR-20b-5p,RAD23B
hsa-miR-216a-5p,PTPN9
hsa-miR-376a-3p,RPA1
hsa-miR-98-3p,SIKE1
hsa-miR-129-5p,IL10
hsa-miR-339-5p,PRKCE
hsa-miR-548a-5p,INPPL1
hsa-miR-384,PTMS
hsa-miR-503-3p,ARHGEF19
hsa-miR-27a-5p,NID1
hsa-miR-488-5p,SLC5A5
hsa-miR-891b,SCARB1
hsa-miR-129-5p,MAP3K5
hsa-miR-650,PINK1
hsa-miR-944,CTNND1
hsa-miR-135a-3p,MSH3
hsa-miR-298,SLC1A2
hsa-miR-34a-5p,GP1BA
hsa-miR-371a-5p,CDX1
hsa-miR-20b-5p,NCOA1
hsa-miR-210-3p,FUT2
hsa-miR-519d-3p,RTN4
hsa-miR-509-3p,SERBP1
hsa-miR-584-3p,RBP2
hsa-miR-140-5p,BANF1
hsa-miR-1285-3p,ATF4
hsa-miR-19a-3p,CD1C
hsa-miR-136-3p,DACT3
hsa-miR-485-3p,RAB34
hsa-miR-433-3p,IQGAP1
hsa-let-7c-5p,NKIRAS2
hsa-miR-487a-3p,POU2F1
hsa-miR-383-5p,IFI27
hsa-miR-100-3p,NAA10
hsa-miR-320c,SLC6A3
hsa-miR-1289,LIFR
hsa-miR-205-3p,TRAF4
hsa-miR-508-3p,NANOG
hsa-miR-582-5p,RALA
hsa-miR-21-3p,EP300
hsa-miR-147a,STK3
hsa-miR-590-3p,PTGER2
hsa-miR-520h,CTBP1
hsa-miR-101-5p,ABCA1
hsa-miR-147a,NCKAP1
hsa-miR-21-5p,CDH2
hsa-miR-197-3p,P2RX7
hsa-miR-625-3p,CYP24A1
hsa-miR-99b-5p,EIF2S1
mmu-miR-22-3p,IL4
hsa-miR-152-5p,ATG7
hsa-miR-1291,VLDLR
hsa-miR-320c,TXNIP
hsa-miR-124-5p,AIFM3
hsa-miR-1181,BMP4
hsa-miR-4516,PGR
hsa-miR-449a,ANXA2
hsa-miR-144-5p,TRAF7
hsa-miR-630,TGFBR3
hsa-miR-320b,AXIN2
hsa-miR-3162-3p,HDAC2
hsa-miR-107,FZD5
rno-miR-19b-3p,INO80
hsa-miR-3188,UVRAG
hsa-miR-346,MTAP
hsa-miR-9-3p,GAP43
hsa-miR-708-5p,CEMIP
hsa-miR-599,FMN2
hsa-miR-622,KDM1B
hsa-miR-708-5p,JADE1
hsa-miR-320d,KCNMA1
hsa-miR-34c-5p,SOCS4
hsa-miR-486-3p,PRODH
hsa-miR-342-3p,CDC25C
hsa-miR-144-5p,NFATC3
hsa-miR-877-3p,TBX3
hsa-let-7f-5p,BMP4
hsa-miR-548i,SWAP70
hsa-miR-30d-5p,MTDH
hsa-miR-19a-3p,LSP1
hsa-miR-302c-3p,TOMM20
hsa-miR-376b-3p,PPP2R2A
hsa-miR-34c-5p,MED1
hsa-miR-133a-3p,PLXNB1
hsa-miR-429,LIN28A
hsa-miR-512-5p,ANP32A
hsa-miR-4271,SFRP4
hsa-miR-19a-5p,HYOU1
hsa-miR-766-3p,CRTC1
hsa-miR-542-3p,SFRP2
hsa-miR-324-3p,RAB1A
hsa-miR-1-5p,CCND3
hsa-miR-718,FAS
hsa-miR-302c-3p,PINK1
hsa-miR-151a-5p,FANCM
hsa-miR-146b-5p,IFI27
hsa-miR-1284,SRR
hsa-miR-127-5p,CYP3A4
hsa-miR-4271,FAIM
hsa-miR-148a-5p,PGD
hsa-miR-196a-5p,HIF3A
hsa-miR-23a-5p,CYC1
hsa-miR-508-5p,ERRFI1
mmu-miR-16-5p,LIFR
mmu-miR-24-2-5p,RBFOX2
hsa-miR-203a-3p,SYT1
hsa-miR-302b-3p,SOX5
hsa-miR-367-3p,DNMT3B
hsa-miR-15a-5p,FLT1
hsa-miR-708-5p,VLDLR
hsa-miR-4284,TLR4
hsa-miR-615-3p,ZDHHC9
hsa-miR-34a-3p,P2RX7
hsa-miR-760,CBX7
hsa-miR-302a-3p,CCL22
hsa-miR-502-5p,HDAC11
hsa-miR-202-5p,CXCR2
hsa-miR-197-5p,NCOA3
hsa-miR-590-3p,TGFBR3
hsa-miR-16-1-3p,MAF
hsa-miR-335-3p,ZFP36
hsa-miR-506-3p,PRKDC
hsa-miR-4273,CD1C
hsa-miR-203a-3p,TCF3
hsa-miR-650,PGR
hsa-miR-23a-3p,IRF4
hsa-miR-490-3p,ARF6
hsa-let-7c-3p,ECT2
cfa-miR-218,TPD52
hsa-miR-301a-3p,TBK1
hsa-miR-708-5p,TTN
mmu-miR-509-3p,VCAN
hsa-miR-335-3p,DAXX
hsa-miR-425-5p,RMND5A
hsa-miR-124-3p,BRMS1
hsa-miR-1297,CXCR6
rno-miR-25-3p,KLB
hsa-miR-98-3p,CELF2
hsa-miR-193a-5p,SERP1
hsa-miR-26a-5p,FXN
hsa-miR-486-3p,WNK4
mmu-miR-1192,PAX3
hsa-miR-152-3p,SIVA1
hsa-miR-34c-3p,PATZ1
hsa-miR-138-5p,CD38
hsa-miR-509-3-5p,SMC1A
hsa-miR-27b-3p,CYP24A1
hsa-miR-1178-3p,RAB22A
hsa-miR-135b-3p,HDAC6
hsa-miR-202-3p,IGFBP2
hsa-miR-146a-5p,HDAC1
hsa-miR-146a-5p,TNFAIP1
hsa-miR-1284,NR1H3
hsa-miR-34a-3p,FOXJ3
hsa-miR-373-3p,TLR2
hsa-miR-141-5p,SLC9A1
hsa-miR-769-5p,SIGLEC1
hsa-miR-516a-3p,TKT
hsa-let-7a-5p,DIMT1
hsa-miR-371a-5p,CLDN1
hsa-miR-10a-3p,SRCIN1
hsa-miR-423-3p,TGFA
hsa-miR-15b-5p,SRXN1
hsa-miR-330-5p,FRAT1
rno-miR-9a-5p,CLDN1
hsa-miR-210-3p,MMD
hsa-miR-637,VOPP1
hsa-miR-548d-3p,ARHGEF25
hsa-miR-335-5p,RBL1
hsa-miR-486-3p,SLC7A5
hsa-miR-337-3p,APAF1
hsa-miR-623,CNR1
hsa-miR-485-5p,FAIM
hsa-let-7c-3p,CSNK2A1
hsa-miR-449c-5p,GATA3
hsa-miR-31-3p,CHUK
hsa-miR-433-5p,ERN1
hsa-miR-135a-3p,NOVA1
hsa-miR-320b,MTPN
mmu-miR-16-5p,CADM1
hsa-miR-3619-5p,MED1
hsa-miR-512-5p,LIN28A
hsa-miR-762,VEGFC
hsa-miR-181d-5p,HOXC8
hsa-miR-652-3p,STX1A
hsa-miR-141-3p,APOE
hsa-miR-520g-3p,NES
rno-miR-19a-3p,MEOX2
hsa-miR-942-5p,FGF11
hsa-miR-302d-3p,TLR7
hsa-miR-664a-3p,HGF
hsa-miR-182-5p,OSTF1
hsa-miR-34b-3p,ST3GAL1
hsa-miR-20a-3p,SNAI1
hsa-miR-490-3p,ZMPSTE24
rno-miR-218a-5p,HGS
rno-miR-218a-5p,MX1
hsa-miR-513a-3p,XRCC6
hsa-miR-346,DND1
hsa-miR-526b-5p,TRAF6
hsa-miR-146b-5p,SOCS6
hsa-miR-93-5p,ZIC3
hsa-miR-503-5p,ASF1B
hsa-miR-569,HOXB7
hsa-miR-126-5p,FOXO4
hsa-miR-194-5p,VCAN
hsa-miR-302d-3p,TCEAL9
hsa-miR-520d-3p,HCN4
hsa-miR-1256,ANKH
hsa-miR-892a,CDC42
hsa-miR-335-3p,RBAK
hsa-miR-363-3p,PBXIP1
hsa-miR-205-3p,ENPEP
hsa-miR-587,NFATC3
hsa-miR-377-3p,YBX1
hsa-miR-935,NKX3-1
hsa-miR-638,ZNRF3
hsa-miR-29a-5p,DRD2
mmu-miR-101a-3p,TCF4
hsa-miR-3196,ALPL
hsa-miR-548m,RTN4
hsa-miR-125a-3p,MAD2L1
hsa-miR-15b-5p,CTBP1
rno-miR-21-5p,MEOX2
hsa-miR-34c-5p,TRA2B
hsa-miR-381-3p,LGMN
hsa-miR-152-3p,CCP110
hsa-miR-411-5p,PEG10
hsa-miR-1258,PPP2CB
hsa-miR-758-3p,TSPAN1
hsa-miR-877-3p,MNT
hsa-let-7a-3p,DUSP10
hsa-miR-133b,STUB1
hsa-miR-506-5p,NR3C1
hsa-miR-455-5p,PDE4A
hsa-miR-654-5p,CCNG2
mmu-miR-509-3p,DICER1
hsa-miR-302b-3p,RASSF6
hsa-miR-221-3p,SNX1
hsa-miR-98-3p,CXCR4
hsa-miR-544a,MAP3K11
hsa-miR-454-3p,CRTC1
hsa-miR-711,PXDN
hsa-miR-103a-3p,PSMD10
hsa-miR-302a-3p,COPS8
hsa-miR-508-5p,TLN1
hsa-miR-132-3p,RAP2A
hsa-miR-660-5p,POGK
hsa-miR-3189-3p,SGMS1
hsa-miR-612,IGFBP1
hsa-miR-330-3p,SNAI1
hsa-miR-9-5p,RPS6KA5
hsa-miR-486-3p,SPRY2
hsa-miR-93-5p,SART3
hsa-miR-765,ATAT1
hsa-miR-524-5p,DUSP4
hsa-miR-186-5p,CDK2AP1
hsa-miR-147a,NES
hsa-miR-378a-3p,DIO1
hsa-miR-146a-5p,GALNT4
hsa-miR-495-3p,MTHFD1
hsa-miR-520d-3p,TNIP2
hsa-miR-142-5p,VCAN
hsa-miR-410-3p,ZC3H12A
hsa-miR-3619-5p,LIFR
hsa-miR-1258,PRKCA
hsa-miR-448,MXD1
hsa-miR-146a-5p,TAGLN2
hsa-miR-488-5p,VCAN
hsa-miR-1181,SPAG5
hsa-miR-331-3p,CCR7
hsa-miR-3162-3p,TFAP2A
hsa-miR-382-5p,CCR7
hsa-miR-371a-5p,L1CAM
hsa-miR-4653-3p,GJA1
hsa-miR-199a-3p,KMT5A
hsa-miR-99b-3p,RELA
hsa-miR-623,PPM1E
hsa-miR-122-3p,BCL10
hsa-miR-603,FRAT2
hsa-miR-148a-5p,EIF2S1
hsa-miR-34a-3p,PER1
hsa-miR-423-5p,PTPN22
hsa-miR-199b-3p,PRDX3
hsa-miR-590-5p,MAP3K11
hsa-miR-200b-5p,LRRK2
mmu-miR-20a-5p,CAPNS1
hsa-let-7g-5p,FGF11
hsa-miR-205-5p,RBX1
hsa-miR-206,TRIM31
hsa-miR-338-5p,MCM5
mmu-miR-24-2-5p,ADORA2A
hsa-miR-181a-5p,ZFP36
hsa-miR-610,GPD2
rno-miR-21-5p,CCR1
hsa-miR-92b-3p,CRISP2
hsa-miR-376b-3p,CDK2AP1
hsa-miR-136-3p,HDAC2
rno-miR-22-3p,ETS1
hsa-miR-129-2-3p,SMAD2
mmu-miR-142a-5p,NNAT
hsa-miR-208b-3p,PMAIP1
hsa-miR-940,IL13RA1
hsa-miR-29b-3p,NRAS
hsa-miR-9-5p,PSMD9
hsa-miR-451a,ITGA6
hsa-miR-520h,MAP3K11
hsa-miR-494-5p,ARHGEF19
hsa-miR-1258,MET
hsa-miR-302a-3p,BECN1
hsa-miR-22-3p,DIMT1
hsa-miR-625-3p,SNAI3
hsa-miR-3162-3p,PTTG1
hsa-miR-1226-3p,ADGRA2
hsa-miR-374a-3p,MAZ
hsa-miR-1303,DUSP5
hsa-miR-372-3p,SALL4
hsa-miR-340-5p,ACTL6A
hsa-miR-422a,EDN1
hsa-miR-125b-1-3p,BBC3
hsa-miR-132-3p,APOB
hsa-miR-296-3p,RNF2
hsa-miR-33b-5p,MXI1
hsa-miR-195-3p,GNAI2
mmu-miR-22-3p,GRIN2A
hsa-miR-130b-3p,FOXP3
hsa-miR-20b-3p,PTK2
hsa-miR-214-3p,ALDH5A1
hsa-miR-223-3p,FGF1
hsa-miR-4689,YY1
hsa-miR-330-3p,ECHS1
hsa-miR-422a,NPNT
hsa-miR-140-5p,CCNE1
hsa-miR-451a,HNF4G
hsa-miR-10b-5p,PTPN13
hsa-let-7c-5p,TBC1D9
hsa-miR-486-5p,GAPDH
hsa-miR-615-5p,MSH3
hsa-miR-559,IL7
hsa-miR-212-3p,SNAI2
hsa-miR-429,TTC13
hsa-miR-660-5p,CEBPB
hsa-miR-183-5p,PIAS3
hsa-miR-448,NFATC3
hsa-miR-299-3p,BAX
hsa-miR-499a-5p,SPRED1
hsa-let-7c-3p,BIRC5
hsa-miR-16-5p,CCP110
hsa-miR-509-3p,FOSL1
hsa-miR-190a-5p,CAMK2D
hsa-miR-148a-5p,MAP3K7
hsa-miR-202-3p,POU2F1
hsa-miR-324-3p,AACS
hsa-miR-34c-3p,IL10
hsa-miR-93-3p,CARD10
hsa-miR-133a-3p,TNFAIP8
hsa-miR-545-3p,TCL1A
hsa-miR-27a-5p,VCAN
hsa-miR-490-5p,TEAD4
hsa-miR-9-5p,ERG
hsa-miR-942-5p,PLOD3
hsa-miR-451a,PGR
hsa-miR-2861,HAX1
hsa-miR-376b-3p,WNT2
hsa-miR-31-5p,VDAC1
hsa-miR-181c-5p,HES1
hsa-miR-340-5p,SMAD2
hsa-let-7g-3p,DRD1
hsa-miR-612,LIFR
hsa-miR-516a-3p,KSR1
hsa-miR-486-3p,NPC1
hsa-miR-370-3p,HYOU1
hsa-miR-629-5p,CCNE1
hsa-miR-24-1-5p,ACTC1
hsa-miR-4284,BMP1
hsa-miR-23b-5p,TP73
hsa-miR-17-3p,TMEM64
hsa-miR-221-3p,GRM4
hsa-miR-556-5p,ZFP36
hsa-miR-138-1-3p,CTNND1
hsa-miR-1269b,SMAD2
hsa-miR-193a-3p,CREB5
hsa-miR-181b-3p,PLAT
hsa-miR-584-3p,INO80
mmu-miR-16-5p,PDGFRB
hsa-miR-300,PLXNC1
hsa-miR-17-3p,RBL1
hsa-miR-4722-5p,HDAC6
hsa-miR-887-3p,ULK2
hsa-miR-193a-3p,RGS3
hsa-miR-192-5p,MCM5
hsa-miR-376b-3p,FAS
hsa-miR-138-1-3p,TBX19
hsa-miR-224-5p,TP53INP1
hsa-miR-29c-3p,MICA
hsa-let-7c-3p,GALNT14
hsa-miR-4458,ADAM10
hsa-miR-1258,SNAI2
hsa-miR-494-3p,EGF
hsa-miR-196a-5p,SP2
hsa-miR-199b-3p,NEDD4L
hsa-miR-219a-5p,MFF
hsa-miR-625-5p,ARC
hsa-miR-130a-3p,CYP3A4
hsa-miR-198,SET
hsa-miR-103a-3p,TRIM71
hsa-miR-124-5p,NETO2
hsa-miR-885-5p,RCAN1
hsa-miR-96-3p,MT1M
hsa-miR-130a-3p,ALDH5A1
hsa-miR-718,NR2E1
hsa-miR-29a-3p,HYOU1
hsa-miR-589-5p,FMNL3
hsa-miR-429,EYA2
hsa-miR-450b-5p,PPP2CB
hsa-miR-802,SF3B2
hsa-miR-501-5p,SCNN1A
mmu-let-7a-5p,CTNND1
hsa-miR-662,BMPR1B
hsa-miR-1-3p,POSTN
hsa-miR-520g-3p,ELN
hsa-miR-30e-5p,TRAPPC2B
hsa-miR-3941,TNFRSF10B
hsa-miR-34a-3p,NRAS
hsa-miR-939-5p,NUMBL
hsa-miR-633,TRAPPC2B
hsa-miR-539-5p,RAB38
hsa-miR-190a-5p,NCSTN
hsa-miR-625-5p,JUN
hsa-miR-466,TGFB3
hsa-miR-4273,IL23R
hsa-miR-451a,GSK3B
hsa-miR-539-5p,ATG4C
hsa-miR-670-5p,REPS2
hsa-miR-301b-3p,MEIS1
hsa-miR-450b-5p,EIF3A
hsa-miR-7-5p,SLC6A3
hsa-miR-509-3-5p,DND1
hsa-miR-1470,LGALS3BP
mmu-miR-133a-3p,FGF20
hsa-miR-942-5p,MED13
ptr-miR-182,EIF5A2
hsa-miR-30c-2-3p,PTH1R
hsa-miR-626,FAM3A
hsa-miR-374a-5p,RASSF6
hsa-miR-30c-2-3p,CCL7
hsa-miR-30c-2-3p,CDS2
hsa-miR-30c-5p,RPS23
hsa-miR-328-3p,THBS1
hsa-miR-374a-3p,RBL2
hsa-miR-558,PATZ1
hsa-miR-219a-5p,EPAS1
hsa-miR-524-5p,PDGFRB
hsa-miR-337-3p,AKT2
hsa-miR-200b-5p,IRF1
hsa-miR-331-3p,PITX1
hsa-miR-181a-5p,PTPN23
hsa-miR-665,NEU1
hsa-miR-556-5p,PTPN12
hsa-miR-26a-5p,CD276
hsa-miR-93-5p,CNR1
hsa-miR-569,ROCK2
hsa-miR-1181,PKD2
hsa-miR-144-5p,MX1
hsa-miR-758-3p,STAT4
hsa-miR-18b-5p,FRAT1
hsa-miR-503-3p,MZB1
hsa-miR-302c-3p,ACSL4
hsa-miR-539-3p,MAPK11
hsa-miR-593-5p,MTDH
hsa-miR-337-3p,ISCU
hsa-miR-1260b,SIAH2
hsa-miR-143-5p,HMOX1
hsa-miR-542-3p,GLS2
hsa-miR-449a,AR
hsa-miR-1283,EYA2
hsa-miR-138-1-3p,PATZ1
hsa-miR-302b-3p,TMOD3
hsa-miR-661,TMED7
hsa-miR-485-3p,TUBB3
hsa-miR-944,IER2
hsa-miR-202-5p,STAT3
hsa-miR-424-5p,ITGB1
hsa-miR-874-3p,VPS4B
hsa-miR-200b-3p,SH3PXD2A
hsa-miR-1-3p,ITGA6
hsa-miR-198,TG
hsa-miR-196b-5p,RARG
hsa-miR-20b-5p,NRAS
hsa-miR-466,VMP1
hsa-miR-373-3p,FGFR1
hsa-miR-98-5p,BAG4
hsa-miR-1297,FLT1
hsa-miR-561-3p,HDAC2
hsa-miR-96-3p,DCBLD2
hsa-miR-802,PEG10
hsa-miR-3940-5p,STK4
hsa-miR-143-5p,TIMP1
hsa-miR-519a-3p,UVRAG
hsa-miR-182-5p,HOXA5
hsa-miR-941,ARHGEF2
hsa-miR-491-5p,PDE4D
hsa-miR-30a-5p,RASSF8
hsa-miR-138-5p,HADHB
hsa-miR-129-5p,FZD5
hsa-miR-582-5p,COPS8
hsa-miR-875-5p,FSCN1
hsa-miR-378a-3p,FXN
hsa-miR-484,CDX1
hsa-miR-145-5p,SKI
hsa-let-7a-3p,CDC25A
hsa-miR-330-5p,SPRED1
hsa-miR-16-5p,CYP7A1
mmu-miR-155-5p,TBC1D9
hsa-miR-655-3p,CCNT2
hsa-miR-144-5p,ZC3H12A
hsa-miR-630,DLL4
hsa-miR-338-5p,S100B
hsa-miR-10a-3p,AFTPH
hsa-miR-1291,INPPL1
hsa-miR-603,MAGI2
hsa-miR-762,CASP7
hsa-miR-637,MAF
hsa-miR-1260b,MT2A
hsa-miR-23a-5p,PRDM16
hsa-miR-520c-3p,MAZ
hsa-miR-149-3p,SNX1
hsa-miR-433-3p,FOXC1
hsa-miR-208b-3p,PRDM16
hsa-miR-762,UBQLN1
hsa-miR-33a-5p,PTBP2
hsa-miR-199a-3p,CYP2C9
hsa-miR-148b-3p,MAP2K7
hsa-miR-19a-5p,PPP2R2A
mmu-miR-509-3p,PTPN9
hsa-miR-139-3p,SSX2IP
hsa-miR-1908-5p,FGF1
hsa-miR-20a-3p,IER2
hsa-miR-372-3p,ITGB1
hsa-miR-590-5p,SOCS2
hsa-miR-500a-5p,CYP11B2
rno-miR-19a-3p,XRCC2
hsa-miR-365a-3p,VEGFA
hsa-miR-384,PDE4A
hsa-miR-518b,LOXL2
hsa-miR-96-5p,RREB1
hsa-miR-4271,MYCBP2
hsa-miR-202-3p,FOXJ2
hsa-miR-185-3p,MAD2L1
hsa-miR-23a-3p,MMP14
hsa-miR-339-5p,TMED7
hsa-let-7i-5p,MSN
hsa-miR-145-3p,RREB1
hsa-miR-182-3p,NNAT
hsa-miR-424-5p,FLOT2
hsa-miR-3940-5p,NID1
hsa-miR-299-3p,DUSP10
hsa-miR-144-3p,JAG1
hsa-miR-942-5p,SMYD3
hsa-miR-663a,CD1C
hsa-miR-432-5p,PTGS2
hsa-miR-497-3p,RNF2
hsa-miR-135a-5p,CYP11B2
hsa-miR-27a-5p,CLEC5A
hsa-miR-645,TRIM33
hsa-miR-146a-3p,TREM2
hsa-miR-105-5p,THRB
hsa-miR-19a-3p,MYADM
hsa-miR-1246,ERBB3
hsa-let-7c-3p,RPS6KA1
hsa-miR-449a,DVL1
hsa-miR-30e-5p,CRTC1
hsa-miR-877-3p,UGT2B7
hsa-miR-1228-5p,SP1
hsa-miR-129-5p,RHOBTB1
mmu-miR-1192,RELA
hsa-miR-192-3p,VCAM1
hsa-miR-122-3p,RBPJ
hsa-miR-194-3p,SWAP70
hsa-miR-548a-3p,NR2F2
hsa-miR-143-5p,RASSF6
rno-miR-19a-3p,MAP2K4
hsa-miR-141-3p,CD69
hsa-miR-296-5p,SPARC
hsa-miR-183-5p,SEC23A
hsa-miR-335-5p,WNT4
hsa-miR-129-2-3p,TRPC6
hsa-miR-526b-3p,RGS3
hsa-miR-622,SEMA6A
hsa-miR-455-3p,PEG10
hsa-miR-138-1-3p,CDC34
hsa-miR-526b-3p,SLITRK1
hsa-miR-363-3p,PBX3
hsa-miR-1470,NLK
hsa-miR-374a-3p,MEIS2
hsa-miR-199a-3p,PIM1
hsa-miR-196b-5p,PIK3CD
rno-miR-125a-5p,EGF
hsa-miR-296-3p,TOX
hsa-miR-550a-5p,ATP8A1
mmu-miR-101a-3p,RBP2
hsa-miR-664a-3p,TP53BP2
hsa-miR-152-5p,LPAR1
hsa-miR-100-5p,ARL2
hsa-miR-125a-3p,KLHL11
hsa-miR-639,S100A8
hsa-miR-148a-3p,RAB6B
rno-miR-98-3p,MBD2
hsa-miR-548a-5p,ZFP36
hsa-miR-509-3p,EP300
hsa-miR-18b-5p,AHR
hsa-miR-503-5p,JUNB
hsa-miR-100-3p,ABCC1
hsa-miR-593-5p,PXDN
hsa-miR-1228-3p,CRIM1
hsa-miR-508-3p,CCBE1
hsa-miR-30b-5p,FKBP1B
hsa-miR-573,FAM3A
mmu-miR-218-5p,BMP4
mmu-miR-1192,CRIM1
hsa-miR-199b-3p,BAG4
hsa-miR-1271-5p,PRDM16
ptr-miR-182,PER1
hsa-miR-3978,YAP1
hsa-miR-374a-5p,ING4
hsa-miR-559,GREM1
hsa-miR-450b-5p,EGR2
hsa-miR-582-3p,RAD51
hsa-miR-125a-5p,CDK2
hsa-miR-199b-3p,CCNG2
hsa-miR-2355-3p,NGFR
hsa-miR-887-3p,RAB27A
hsa-let-7a-5p,FOXC1
hsa-miR-134-5p,NFATC1
hsa-miR-939-5p,WNT16
hsa-miR-660-5p,SLC7A5
hsa-miR-95-3p,ZNF395
hsa-miR-20a-5p,TNFSF13B
hsa-miR-525-3p,SRR
hsa-miR-152-5p,RHOB
hsa-miR-497-3p,ERRFI1
hsa-miR-892b,FOXP3
hsa-miR-7-5p,DND1
mmu-miR-101a-3p,PIM1
hsa-miR-367-3p,MAP2K7
hsa-miR-877-3p,ERBB3
hsa-miR-96-3p,BCL10
hsa-miR-337-3p,VMP1
hsa-miR-376b-3p,G6PD
hsa-miR-603,NCAPG
hsa-miR-589-5p,ACVR1B
hsa-miR-888-5p,AHR
hsa-miR-409-3p,CLDN18
hsa-miR-483-3p,MYCBP2
mmu-miR-429-3p,YAP1
hsa-miR-762,RBX1
hsa-miR-15a-3p,S100A9
hsa-miR-513a-3p,PTK2B
hsa-miR-561-3p,RCBTB1
hsa-miR-5582-5p,BTG1
hsa-miR-297,PKD2
hsa-let-7b-5p,FAS
hsa-miR-338-5p,CBLB
hsa-miR-345-5p,ANP32A
hsa-miR-127-5p,PGR
hsa-miR-361-5p,TP53INP1
hsa-miR-552-3p,API5
hsa-miR-23a-3p,SALL4
hsa-miR-362-5p,SIAH1
hsa-miR-892a,SENP1
hsa-miR-449c-5p,ACSL4
hsa-miR-150-5p,KLF8
hsa-miR-888-5p,RARA
hsa-miR-4271,PTK2B
hsa-miR-34a-3p,APOB
hsa-miR-548m,ARHGDIA
hsa-miR-339-5p,MUC1
hsa-miR-505-3p,KEAP1
hsa-miR-1246,CTDNEP1
hsa-miR-338-5p,NLK
hsa-miR-146a-5p,CCND3
hsa-miR-132-3p,FGF20
hsa-miR-193a-5p,SHC1
rno-miR-19a-3p,CDS2
hsa-miR-191-5p,KLF4
hsa-miR-101-5p,NCSTN
hsa-miR-15a-3p,EPHB2
hsa-miR-384,KDM4B
hsa-miR-212-3p,P2RX7
hsa-miR-129-5p,STK40
hsa-miR-675-5p,GALNT4
hsa-miR-216b-5p,LLGL1
hsa-miR-494-3p,NTRK2
hsa-miR-5787,CSF1
hsa-miR-296-3p,CDH2
hsa-miR-381-5p,SMC1A
hsa-miR-5582-5p,FLT4
hsa-miR-509-5p,LIN28A
hsa-miR-502-5p,ID4
hsa-miR-433-3p,TFCP2
hsa-miR-95-3p,HECW2
hsa-miR-466,EIF3A
hsa-miR-492,CYLD
hsa-miR-488-3p,PHF10
hsa-miR-487b-3p,RAD23B
hsa-miR-494-3p,CUL4A
hsa-miR-569,NCOR2
hsa-miR-133a-3p,DYRK2
hsa-miR-4516,HDAC7
hsa-miR-650,GPC3
hsa-miR-296-3p,IRAK1
hsa-miR-492,EPHA2
hsa-miR-4638-5p,AURKA
hsa-miR-885-5p,CCND3
hsa-miR-194-5p,EN2
hsa-miR-197-3p,USP13
hsa-let-7e-5p,TP53BP2
hsa-miR-4458,LRRK2
hsa-miR-573,CDH2
hsa-miR-221-3p,PTK2
hsa-miR-663b,PTGR1
hsa-miR-520g-3p,LGALS9
hsa-miR-129-2-3p,EFNA1
hsa-miR-369-3p,ERBB3
hsa-miR-146b-5p,ADAM10
hsa-miR-584-3p,HNF1B
hsa-miR-301a-3p,SNCA
hsa-miR-141-5p,SIAH2
hsa-miR-135b-5p,STAT4
hsa-miR-489-3p,IRF2
hsa-miR-762,HOXC8
hsa-miR-300,CREB5
hsa-miR-302a-3p,TCF4
hsa-miR-302b-3p,SLC27A1
hsa-miR-423-5p,ARPC5
hsa-miR-3940-5p,DLG1
mmu-miR-218-5p,MEGF9
hsa-miR-194-5p,VAV2
hsa-miR-3178,KEAP1
hsa-miR-30b-5p,JMY
hsa-miR-142-3p,CTDNEP1
hsa-miR-558,PTPN13
hsa-miR-216b-5p,IL1B
hsa-miR-455-3p,KCNN4
hsa-miR-592,ATP4A
hsa-miR-125b-1-3p,RPS6KA4
hsa-miR-371a-5p,WNT10A
hsa-let-7i-5p,DLL4
hsa-miR-222-3p,PIK3R3
hsa-miR-381-5p,STK40
hsa-miR-200c-3p,NF1
hsa-miR-221-3p,MAGEA12
hsa-miR-892a,FOXJ2
hsa-miR-592,TRIM2
hsa-miR-522-3p,NFIB
hsa-miR-27a-3p,NR0B2
hsa-miR-21-5p,CCL22
hsa-miR-615-5p,SYT1
hsa-miR-99b-5p,PDPK1
hsa-miR-93-5p,COL5A3
hsa-let-7f-5p,DDR1
hsa-miR-1303,DDX3X
hsa-miR-17-3p,OSBPL8
hsa-miR-573,CREB5
hsa-miR-944,ARHGEF19
hsa-miR-340-5p,NOS3
hsa-miR-488-5p,USP28
hsa-miR-153-3p,SNAI3
hsa-miR-5582-5p,IDO1
hsa-miR-329-3p,MMP3
hsa-miR-372-3p,ADGRL4
hsa-miR-4273,USP4
hsa-miR-338-3p,SLC7A6
hsa-miR-21-3p,JPT1
hsa-miR-96-3p,TP73
hsa-miR-107,UBE3C
hsa-miR-23c,CRISP2
hsa-miR-148a-5p,KDM2B
hsa-miR-429,TRAF6
hsa-miR-378b,AKT2
hsa-miR-874-3p,HOXB7
hsa-miR-302c-3p,GAPDH
hsa-miR-490-5p,PDGFB
hsa-miR-3940-5p,PRKN
hsa-miR-765,PIK3R1
hsa-miR-378b,RBPJ
hsa-miR-20b-5p,TNFRSF10A
hsa-miR-539-3p,HPGD
hsa-miR-758-3p,KCMF1
hsa-miR-324-3p,PPM1E
hsa-miR-371a-3p,ADORA2A
hsa-miR-1908-5p,BRD7
hsa-miR-324-5p,NR2C2
hsa-miR-675-5p,MAF
hsa-miR-371a-3p,MEF2C
hsa-miR-155-5p,SNAI1
hsa-miR-548a-3p,BCL7A
hsa-miR-30c-1-3p,MAGI2
hsa-miR-3619-5p,MYB
hsa-miR-152-3p,MYADM
hsa-miR-200b-5p,BAG4
hsa-miR-661,CAPRIN1
hsa-miR-4458,RHO
hsa-miR-1178-3p,GPC3
mmu-let-7a-5p,POSTN
hsa-miR-134-5p,ADD3
hsa-miR-99a-5p,EIF4EBP1
cfa-miR-218,SH3PXD2A
hsa-miR-367-3p,STUB1
hsa-miR-125b-5p,SNCA
hsa-miR-769-5p,DSTYK
hsa-miR-590-3p,PTX3
hsa-miR-484,SLC45A3
hsa-miR-511-5p,DND1
hsa-miR-559,BAP1
hsa-miR-10a-3p,SMO
hsa-miR-376c-3p,CRTC1
hsa-miR-429,DNPEP
hsa-miR-370-3p,NDUFA4
hsa-miR-561-3p,TF
hsa-miR-374a-3p,MUC4
hsa-miR-526b-5p,CD40
hsa-miR-126-3p,TCL1A
cfa-miR-218,LIFR
hsa-miR-665,CLDN1
hsa-miR-5582-5p,NCSTN
hsa-miR-106b-5p,PTTG1
hsa-miR-216b-5p,FZD4
hsa-miR-504-5p,CXCR4
hsa-miR-376b-3p,MAPK8IP1
hsa-miR-30c-2-3p,SENP1
hsa-miR-596,SERP1
hsa-miR-30c-1-3p,ARHGEF2
hsa-miR-622,THBS1
hsa-miR-509-3p,S100A1
hsa-miR-603,USP22
hsa-miR-340-3p,ATAD2
hsa-miR-590-5p,ERBB3
hsa-miR-193b-5p,EMP3
hsa-miR-490-3p,BAX
hsa-miR-211-5p,ADAMTS9
hsa-miR-522-5p,NAA10
hsa-miR-711,STMN1
hsa-miR-338-3p,SMURF1
hsa-miR-122-3p,NR2C2
hsa-miR-582-5p,SNAI2
hsa-miR-654-5p,KCNJ10
hsa-miR-584-3p,TCF7
mmu-miR-509-3p,IGF1
hsa-miR-362-3p,TCEAL1
hsa-miR-489-3p,MSN
hsa-miR-146b-5p,FBXW7
hsa-miR-503-3p,IFNB1
hsa-miR-665,ARID3A
hsa-miR-99a-5p,P2RX5
hsa-miR-9-3p,ATF4
hsa-miR-518b,PDE4D
hsa-miR-106b-5p,ARC
hsa-miR-483-3p,BRD4
hsa-miR-423-3p,NFYC
hsa-miR-183-5p,MAGI2
hsa-miR-4701-5p,MCAT
hsa-miR-30c-5p,DNMT3A
hsa-miR-665,LIFR
hsa-miR-4728-5p,TRAF5
hsa-miR-939-5p,PLD2
hsa-miR-92a-3p,HOXB4
hsa-miR-3127-5p,PPP2R5E
hsa-miR-450b-5p,RELA
hsa-miR-556-5p,LDOC1
hsa-miR-98-3p,ACVR1
hsa-miR-182-3p,PTPN6
hsa-miR-487a-3p,TUSC3
hsa-miR-1470,KCNE1
hsa-miR-143-5p,MAGEA2
hsa-miR-1297,MAF
hsa-miR-483-3p,S100A8
hsa-miR-378a-3p,KCNMA1
hsa-miR-573,ADD3
hsa-miR-515-5p,CDK2
hsa-miR-526b-5p,ABCC5
hsa-miR-485-5p,DOCK6
hsa-miR-760,PCLAF
hsa-miR-215-5p,APC
hsa-miR-888-5p,PKM
hsa-miR-223-5p,SOX17
hsa-miR-519a-3p,ESRRG
hsa-miR-4271,ABCB11
hsa-miR-1271-5p,DUSP10
hsa-miR-195-3p,FRAT2
hsa-miR-378a-5p,PRODH
hsa-miR-582-3p,KPNB1
hsa-miR-135b-5p,SIKE1
hsa-miR-486-3p,PMAIP1
hsa-miR-146a-5p,WNT2
hsa-miR-329-3p,CTNNB1
hsa-miR-450b-5p,PTTG1
hsa-miR-765,NFYC
hsa-miR-493-3p,GPC3
hsa-miR-320d,IL13
hsa-miR-612,MAFB
hsa-miR-155-5p,MAP4K4
hsa-miR-589-5p,RHOBTB1
hsa-miR-135a-5p,TNFRSF10A
hsa-miR-4782-3p,NR3C2
hsa-miR-520g-3p,EP300
hsa-miR-221-3p,LDOC1
hsa-miR-370-3p,AKT1
hsa-miR-34b-3p,LAMP2
hsa-miR-1260b,NOVA1
hsa-miR-493-3p,PGM2
hsa-miR-1236-3p,JUN
hsa-miR-31-3p,BCL9
hsa-miR-99a-5p,E2F2
hsa-miR-140-3p,IRF4
hsa-miR-504-5p,RMND5A
hsa-miR-125b-5p,TFRC
hsa-miR-4722-5p,ADA
hsa-miR-485-3p,CDH1
hsa-miR-331-3p,RPA1
hsa-miR-337-3p,KCNE1
hsa-let-7g-5p,CLEC5A
hsa-miR-329-5p,CCNG2
hsa-miR-891b,VEGFA
hsa-miR-223-5p,MAN1B1
hsa-miR-143-5p,PCDH8
hsa-miR-522-5p,ING5
hsa-miR-151a-3p,ING5
hsa-miR-374a-5p,SOX6
hsa-miR-552-3p,CCND3
hsa-miR-193a-5p,RAC1
hsa-let-7c-3p,GFRA3
mmu-miR-200c-3p,SPAG9
ptr-miR-182,CIT
hsa-miR-548a-3p,SFRP4
hsa-miR-513a-3p,NOS2
hsa-miR-152-5p,FSCN1
hsa-miR-3940-5p,TRIM54
hsa-miR-330-3p,ALPL
hsa-miR-429,RPS6KA1
mmu-miR-1192,MEIS2
hsa-miR-133a-5p,FHIT
hsa-miR-141-3p,TPPP
hsa-miR-939-5p,MEGF9
hsa-miR-515-5p,SMAD5
hsa-miR-490-3p,AATK
hsa-miR-195-3p,MXD1
hsa-miR-629-5p,TRPM7
hsa-miR-610,STAT6
hsa-miR-34a-3p,SKI
hsa-miR-561-3p,ARF4
hsa-miR-23a-3p,APLN
hsa-miR-135b-5p,ELAVL1
hsa-miR-33b-3p,PTTG1
hsa-miR-210-3p,RBBP4
hsa-miR-34b-5p,NCSTN
hsa-miR-301b-3p,PPP1CC
hsa-miR-542-3p,SUZ12
hsa-miR-1181,MED13
hsa-miR-513a-3p,CDX1
hsa-miR-626,RPS6KA1
hsa-miR-15a-5p,GJA1
hsa-miR-323a-3p,EIF2S1
hsa-miR-190a-5p,RAP1B
hsa-miR-3178,PGD
hsa-miR-494-3p,VDR
hsa-miR-197-5p,BAG1
hsa-miR-155-5p,FBXO32
hsa-miR-183-5p,UGT2B7
hsa-miR-495-3p,CTDSPL
hsa-miR-532-5p,DYRK2
hsa-miR-4689,SNCG
hsa-miR-148b-3p,TRIM71
hsa-miR-455-5p,IL24
hsa-miR-147a,DAAM2
hsa-miR-320b,BMPR1B
hsa-miR-103a-3p,SMAD1
hsa-miR-181b-2-3p,P2RX7
hsa-miR-23b-5p,CYP19A1
hsa-miR-27b-3p,BAG1
hsa-miR-373-3p,LZTS1
hsa-miR-369-3p,CDC14A
hsa-miR-378b,ERN1
hsa-miR-127-5p,MAGEA12
hsa-miR-132-3p,RNF2
hsa-miR-190a-5p,DND1
hsa-miR-199b-5p,CTTN
hsa-miR-138-5p,BCL10
hsa-miR-662,CDC27
hsa-miR-875-5p,MYL9
hsa-miR-194-5p,PHF10
hsa-miR-145-3p,SNX6
hsa-miR-29a-3p,SLC45A3
hsa-miR-223-3p,SHMT2
hsa-miR-223-3p,TWIST2
hsa-miR-508-5p,DRD1
hsa-miR-589-5p,MAP3K7
hsa-miR-133a-5p,YWHAG
hsa-miR-182-5p,FAM83F
hsa-miR-519a-3p,ABCE1
hsa-miR-663a,RAB22A
hsa-miR-29a-3p,MAP3K5
hsa-miR-302b-3p,HYOU1
mmu-miR-200c-3p,SYT1
hsa-miR-329-3p,PMAIP1
hsa-miR-193a-5p,PRKN
hsa-let-7f-5p,SF3B2
hsa-miR-452-5p,FBXW7
hsa-miR-378a-5p,CD226
hsa-let-7b-5p,JARID2
hsa-miR-455-5p,HIVEP1
hsa-miR-4674,NFATC3
hsa-miR-20a-5p,TSPAN1
hsa-miR-29c-5p,SNAI2
hsa-miR-194-3p,INPPL1
hsa-miR-144-3p,PSMG1
hsa-miR-202-3p,IGF2BP1
hsa-miR-135a-5p,TRIM24
hsa-miR-300,FRAT1
hsa-miR-665,MTDH
hsa-miR-584-5p,HSPG2
hsa-miR-141-3p,ELAVL1
hsa-miR-655-3p,CPD
rno-miR-19b-3p,ENPEP
hsa-miR-630,MAP4K3
hsa-miR-302c-3p,WT1
hsa-miR-542-3p,PBK
hsa-miR-15b-5p,NDST1
mmu-miR-429-3p,FASLG
hsa-miR-99b-3p,ATF4
hsa-miR-367-3p,TOX
hsa-miR-99a-5p,MAP3K7
hsa-miR-639,HIF3A
hsa-miR-493-3p,DACT3
hsa-miR-302a-3p,KLF13
rno-miR-9a-5p,SLC7A1
hsa-miR-138-5p,SOX5
hsa-miR-135b-3p,ZNRF2
hsa-miR-26a-5p,APOE
hsa-miR-1297,CXCR2
hsa-miR-296-5p,UBE2A
hsa-miR-487b-3p,FOXP2
rno-miR-9a-5p,CDC27
hsa-miR-182-3p,LZTS1
hsa-miR-590-3p,CDX2
hsa-miR-150-3p,PRKCE
hsa-miR-133b,EDN1
hsa-miR-1289,AATK
hsa-miR-487b-3p,MACC1
hsa-miR-208b-3p,MMP11
hsa-miR-539-5p,CCL20
hsa-miR-148a-3p,TP73
hsa-miR-451a,PDK4
hsa-miR-23c,SMAD5
hsa-miR-15b-5p,ABCB5
hsa-miR-424-3p,PRKRA
hsa-miR-545-3p,CASR
hsa-miR-182-3p,CD226
hsa-miR-205-5p,TRIM24
hsa-miR-339-5p,ROCK1
hsa-miR-19a-5p,KDM4B
mmu-miR-200c-3p,PSMG1
hsa-miR-503-5p,ATG4C
hsa-miR-20a-5p,RPS6KA5
hsa-miR-518a-5p,RAD52
hsa-miR-26b-5p,MAP3K12
hsa-miR-374a-5p,TWIST1
hsa-miR-1181,FKBP1B
hsa-miR-218-5p,SOX6
hsa-miR-181b-2-3p,MTA1
hsa-miR-590-5p,MBD2
hsa-miR-377-3p,ARNT
hsa-miR-516a-3p,KIFC1
hsa-miR-548c-3p,DNPEP
hsa-miR-92b-3p,BCL3
hsa-miR-328-3p,ADAM10
hsa-miR-1-3p,CCR1
hsa-miR-499a-5p,SNAI2
hsa-miR-376c-3p,ITGA11
hsa-miR-512-5p,SOX7
hsa-miR-144-3p,KCNN4
hsa-miR-525-3p,LZTS1
hsa-miR-140-3p,ROCK1
hsa-miR-25-3p,IFIT2
hsa-miR-760,IFNG
hsa-miR-652-3p,SMAD2
hsa-miR-331-3p,SAV1
hsa-miR-296-5p,TAT
hsa-miR-515-5p,WASF2
hsa-miR-501-5p,CEBPB
hsa-miR-125b-1-3p,CD40
hsa-miR-409-3p,CEMIP
hsa-miR-942-5p,SIX1
hsa-miR-3178,MECP2
hsa-miR-485-3p,KIDINS220
hsa-miR-27b-3p,PRDX6
hsa-miR-181d-5p,PIK3R1
hsa-miR-342-3p,PPP1CC
hsa-miR-214-3p,VAV3
hsa-miR-383-5p,MEOX2
hsa-miR-31-3p,KLF3
hsa-miR-892b,ARC
hsa-miR-181d-5p,MAPK3
hsa-miR-215-3p,TERF1
hsa-miR-183-5p,LIFR
hsa-miR-203a-3p,THBS1
hsa-miR-23a-5p,GRM4
hsa-miR-548d-3p,STK3
hsa-miR-145-5p,KRAS
hsa-miR-637,PGD
hsa-miR-548d-3p,CROT
hsa-miR-3127-5p,PPP2R5A
hsa-miR-892a,FAS
hsa-miR-214-3p,LEFTY1
hsa-miR-590-5p,SOCS6
hsa-miR-4653-3p,GALNT14
hsa-miR-483-3p,TGFB1
hsa-miR-302a-3p,FOXO4
hsa-let-7b-5p,BCL9
hsa-miR-125a-3p,TRIM29
hsa-miR-3978,PTPN6
hsa-miR-342-3p,CDK2AP1
hsa-miR-219a-5p,CREBRF
hsa-miR-144-3p,SEMA4C
hsa-miR-135b-5p,RBL1
hsa-miR-425-5p,POSTN
hsa-miR-205-3p,DDAH1
hsa-miR-582-3p,AKT1
hsa-miR-520g-3p,DLL1
hsa-miR-587,ARF4
hsa-miR-615-5p,RAB1B
hsa-miR-3978,PDK4
hsa-miR-1256,MMP16
hsa-miR-613,GCLC
hsa-miR-630,PTPN9
hsa-miR-372-3p,CASC3
hsa-miR-511-5p,CDK7
hsa-miR-769-5p,PKM
hsa-miR-582-3p,LAMB3
mmu-miR-101a-3p,CEBPD
hsa-miR-655-3p,THSD7A
hsa-miR-511-5p,RBL1
hsa-let-7f-5p,IGFBP2
hsa-miR-24-1-5p,CDC14A
hsa-miR-520g-3p,NFATC1
hsa-miR-939-5p,MYOD1
hsa-miR-3941,DOCK6
hsa-miR-147a,THRB
hsa-let-7i-5p,APOB
hsa-miR-146a-5p,CNR1
hsa-miR-20a-5p,NGFR
rno-miR-125a-5p,BMP4
hsa-miR-1908-5p,RHOB
hsa-miR-506-5p,VMP1
hsa-miR-34b-5p,BMP1
rno-miR-200c-3p,TPPP3
hsa-miR-661,SMAD1
hsa-let-7a-5p,PSMD9
hsa-miR-196a-5p,TCF7
hsa-miR-655-3p,NF1
hsa-let-7f-5p,TNFAIP1
hsa-miR-3188,FUT8
hsa-miR-204-5p,PPP2CB
hsa-miR-550a-5p,CLDN1
hsa-miR-154-5p,ARF6
hsa-miR-4653-3p,COPS8
hsa-miR-2861,TNFSF11
hsa-miR-708-5p,P2RX5
hsa-miR-30d-5p,CYP11B2
hsa-miR-3622b-5p,BMP6
hsa-miR-758-3p,CDK2
hsa-miR-30b-5p,INPPL1
hsa-miR-155-5p,FRAT1
hsa-miR-367-3p,RPTOR
hsa-miR-711,IGBP1
hsa-miR-511-5p,DEK
hsa-miR-888-5p,RNF11
hsa-let-7g-5p,TGFBRAP1
hsa-miR-644a,ONECUT2
hsa-miR-520d-3p,RCOR1
hsa-miR-552-3p,HCN4
hsa-miR-219a-1-3p,CRTC1
hsa-miR-200a-3p,AGO4
hsa-let-7e-5p,CPD
hsa-miR-4516,FRAT1
hsa-miR-491-5p,NES
hsa-miR-466,MYCBP
hsa-miR-503-3p,NGFR
hsa-miR-92a-3p,SLC2A4
hsa-miR-525-3p,SLC11A2
mmu-miR-1192,FMN2
hsa-miR-145-5p,ICAM1
rno-miR-21-5p,HOXA10
hsa-miR-29a-5p,CDS2
hsa-miR-645,UBA7
hsa-miR-33a-3p,HDAC9
hsa-miR-892a,TACSTD2
hsa-miR-508-5p,AMACR
rno-miR-19b-3p,GADD45A
hsa-miR-503-3p,NOTCH3
hsa-miR-561-3p,MT1M
hsa-miR-766-3p,RARG
hsa-miR-24-3p,AIFM3
hsa-miR-301a-3p,CDC40
hsa-miR-130b-3p,STAT6
hsa-miR-9-3p,JAZF1
hsa-miR-190a-5p,TWF1
hsa-miR-4295,ERBB3
hsa-miR-223-5p,RHOA
hsa-miR-433-3p,SIVA1
hsa-miR-486-3p,LZTS1
hsa-miR-374a-3p,ARRB2
hsa-miR-629-5p,ERG
hsa-miR-3978,DUSP5
hsa-miR-92b-3p,ROCK2
hsa-miR-662,AURKB
hsa-miR-23c,RARA
hsa-miR-181d-5p,STAT3
hsa-miR-223-3p,CDC34
hsa-miR-142-5p,CD69
hsa-miR-4722-5p,SWAP70
hsa-miR-107,CD276
hsa-miR-630,PKD2
hsa-miR-340-3p,WIF1
hsa-miR-203a-3p,AACS
hsa-miR-143-5p,HSF2
hsa-miR-208a-3p,PSME3
hsa-miR-183-5p,ARL2
hsa-miR-223-3p,WNT2B
hsa-miR-1181,HNF1B
hsa-miR-503-3p,DCBLD2
hsa-miR-1236-3p,PLAC8
hsa-miR-18a-5p,NOS2
hsa-miR-497-3p,SNX1
hsa-miR-9-5p,PGM2
hsa-miR-941,MNT
hsa-miR-542-3p,CTNND1
rno-miR-218a-5p,NAMPT
hsa-miR-1284,XRCC3
hsa-miR-299-3p,HGS
hsa-miR-450b-5p,ROCK1
hsa-let-7a-5p,ATP4A
hsa-miR-1269b,PSMG1
hsa-miR-26b-5p,GNAI2
hsa-miR-504-5p,RTN4
hsa-miR-483-5p,TRIM54
hsa-miR-210-3p,NSUN5
hsa-miR-885-5p,BLVRB
hsa-miR-17-3p,CREB1
hsa-miR-650,PLXNB1
hsa-miR-141-3p,ARL2
mmu-miR-101a-3p,TLR7
hsa-miR-486-3p,PDE4A
hsa-miR-31-3p,DAPK2
hsa-miR-1291,PTPN23
hsa-miR-21-5p,RAB14
hsa-miR-320c,SPRY1
hsa-miR-511-5p,IL13RA1
mmu-miR-218-5p,COL4A2
hsa-miR-518a-5p,RASSF6
hsa-miR-892b,GSK3B
hsa-miR-18a-3p,TET1
mmu-let-7a-5p,RAP2A
hsa-miR-524-5p,MBD2
hsa-miR-3622b-5p,SLC2A3
hsa-miR-522-3p,DLG1
hsa-miR-22-3p,TWIST1
hsa-miR-371a-5p,TNFAIP1
hsa-miR-744-5p,NAMPT
hsa-miR-526b-5p,TRIB3
hsa-miR-766-3p,TRIM2
hsa-miR-4638-5p,MAPRE1
hsa-miR-151a-3p,HOXC8
hsa-miR-559,TRPS1
hsa-miR-139-5p,NRP2
hsa-miR-1228-3p,FBXO32
hsa-miR-146a-5p,CREG1
mmu-miR-34a-5p,FXN
hsa-miR-944,IFI27
hsa-miR-146a-5p,TNFSF11
hsa-miR-371a-3p,STX1A
mmu-miR-1192,PEA15
rno-miR-125a-5p,MAGEA2
hsa-miR-155-5p,DDX53
hsa-miR-335-5p,PTPN14
hsa-miR-3941,PPP2R5E
hsa-miR-1258,IQGAP1
hsa-miR-1258,PAX3
hsa-miR-363-3p,RAB24
hsa-miR-3622b-5p,UVRAG
hsa-miR-1470,FNDC3A
hsa-miR-1283,REPIN1
hsa-miR-450b-5p,CAPN6
hsa-miR-337-3p,ATF4
hsa-miR-143-5p,VDR
mmu-miR-33-3p,CPEB4
hsa-miR-328-3p,MEOX2
hsa-miR-4437,HDAC7
hsa-miR-718,ZFPM2
hsa-miR-626,DACT3
hsa-miR-1224-5p,FOXA1
hsa-miR-769-5p,RNF11
mmu-miR-218-5p,GALNT4
hsa-miR-323a-3p,SUFU
hsa-miR-503-5p,CYC1
hsa-miR-194-3p,PSMD9
hsa-miR-4689,NOD2
hsa-miR-30b-5p,MKI67
hsa-miR-3178,BCL6
hsa-miR-214-5p,CXCL2
hsa-miR-587,PRDM16
hsa-miR-211-5p,PTMS
hsa-miR-708-5p,EIF2S1
hsa-miR-34b-3p,SOX7
mmu-miR-200c-3p,ZNF24
hsa-miR-539-3p,RELA
hsa-miR-29a-3p,CYP24A1
hsa-miR-626,PDK4
hsa-miR-655-3p,OLFM4
hsa-miR-539-5p,DUSP1
hsa-miR-181b-5p,APOB
hsa-miR-138-5p,ATG9A
hsa-miR-1226-3p,CXCL8
hsa-miR-589-5p,SRR
hsa-miR-10b-5p,USP14
hsa-let-7a-5p,NCAM1
hsa-miR-29b-3p,MAPK8IP1
hsa-miR-33b-3p,SLC34A2
mmu-miR-200c-3p,LAMP1
hsa-miR-370-3p,MUC1
hsa-miR-494-5p,TP73
hsa-let-7c-5p,EP300
hsa-miR-513a-3p,MAD2L1
hsa-miR-129-2-3p,ATG4C
hsa-miR-223-5p,PRAP1
hsa-miR-5787,BAX
hsa-miR-338-3p,TRAF7
hsa-miR-142-5p,CARD10
hsa-miR-130a-3p,ERBB4
hsa-miR-7-5p,GJA1
hsa-miR-509-3p,PIM3
hsa-miR-448,KLF4
hsa-miR-374a-3p,ANKH
hsa-miR-223-3p,NFIB
hsa-miR-23a-3p,REPIN1
hsa-miR-512-5p,LRP1
hsa-miR-1284,XRCC5
hsa-miR-466,ACTC1
hsa-miR-625-3p,JADE1
hsa-miR-488-3p,CTHRC1
hsa-miR-4722-5p,PXDN
hsa-miR-33a-5p,PTPN7
hsa-miR-663a,HGF
hsa-miR-486-3p,GBP2
hsa-miR-1260b,HDAC6
hsa-miR-33b-3p,STK3
hsa-miR-548d-3p,FKBP1B
hsa-miR-539-5p,S100B
hsa-miR-153-3p,UVRAG
hsa-miR-30d-5p,SART3
hsa-miR-31-5p,CAMK2D
hsa-miR-181d-5p,UBQLN1
rno-miR-19a-3p,DFFA
hsa-miR-143-3p,HOXD8
hsa-let-7a-3p,SIGLEC8
hsa-miR-337-5p,ADCY6
hsa-miR-15b-5p,IRF9
hsa-miR-324-5p,ROCK2
hsa-miR-340-5p,NTRK2
hsa-miR-199b-3p,AFTPH
hsa-miR-150-5p,CXCL8
rno-miR-125a-5p,RMND5A
rno-miR-21-5p,YWHAG
hsa-miR-877-3p,SCNN1A
hsa-miR-590-3p,WIF1
hsa-miR-539-3p,WNT1
hsa-miR-610,MYADM
hsa-miR-1258,FHOD1
hsa-miR-1236-3p,CRMP1
hsa-miR-135b-5p,MFF
hsa-miR-582-3p,PDGFC
hsa-miR-760,FZD5
hsa-miR-148a-5p,TLR4
hsa-miR-637,SSX2IP
rno-miR-25-3p,KDM6B
hsa-miR-187-3p,SMAD2
hsa-miR-449c-5p,AXIN2
hsa-miR-126-5p,TPPP
hsa-miR-526b-3p,UGT2B7
hsa-miR-379-5p,PTBP1
hsa-miR-655-3p,FES
hsa-miR-449c-5p,XPO6
hsa-miR-138-5p,REST
hsa-miR-205-5p,ITGB8
hsa-miR-3127-5p,TNFAIP1
hsa-miR-452-5p,TPD52
hsa-miR-1-5p,PRKAA1
hsa-miR-512-5p,UQCRFS1
hsa-let-7b-5p,ANGPTL4
hsa-miR-103a-3p,APOBEC3A
hsa-miR-661,TACSTD2
hsa-let-7a-3p,FOXQ1
hsa-miR-192-5p,PROX1
hsa-miR-3619-5p,PKM
mmu-miR-24-2-5p,MICA
hsa-miR-451a,IRF7
hsa-miR-193b-3p,GSR
hsa-miR-1908-5p,PPP2R2A
hsa-miR-101-5p,SSRP1
hsa-miR-214-5p,CCR7
hsa-miR-221-5p,ST14
hsa-miR-522-3p,TPD52
hsa-miR-301b-3p,EPHB1
hsa-miR-362-5p,ATF4
hsa-miR-224-5p,MMP7
hsa-miR-1289,ACSL4
hsa-miR-93-5p,SEC23A
hsa-miR-30a-3p,TOMM20
hsa-miR-125b-1-3p,UBE2A
hsa-miR-626,RAB6B
hsa-miR-154-5p,PLAG1
mmu-miR-200c-3p,ADAR
hsa-miR-363-3p,SFRP2
hsa-miR-337-5p,DOCK3
hsa-miR-219a-1-3p,BCL3
hsa-miR-302a-3p,TP53RK
hsa-miR-301a-3p,SERP1
hsa-miR-146a-5p,PXN
hsa-miR-19a-5p,ZBTB2
hsa-miR-150-5p,FHOD1
hsa-miR-132-3p,SFRP5
hsa-miR-27a-3p,MT2A
hsa-miR-181b-3p,KLF15
hsa-miR-425-5p,TERF1
hsa-miR-191-5p,FKBP1B
hsa-miR-214-5p,LMNA
hsa-miR-491-5p,ERG
rno-miR-9a-5p,RTN4
hsa-miR-1470,NKD1
hsa-miR-140-5p,CDKN2B
hsa-miR-214-3p,APC
hsa-miR-369-3p,SCRIB
hsa-miR-550a-3p,CSNK2A2
hsa-miR-493-3p,CYP11B2
hsa-miR-329-3p,LRRK2
hsa-miR-198,KLF4
hsa-let-7g-3p,GRIN2A
hsa-miR-593-5p,AMACR
hsa-miR-129-1-3p,EDN1
hsa-miR-9-3p,NKD1
hsa-miR-3940-5p,CREG1
rno-miR-218a-5p,CBX7
hsa-miR-151a-5p,STAT4
hsa-miR-155-5p,YES1
cfa-miR-218,CYP3A4
hsa-miR-4295,GBP2
hsa-miR-486-3p,ITCH
hsa-miR-153-3p,NCOA3
hsa-miR-3188,FAM83F
hsa-miR-15a-3p,ZNF24
hsa-miR-26a-5p,PRRX1
hsa-miR-378a-5p,PRKCE
hsa-miR-509-3p,TFPI2
hsa-miR-486-5p,GCM1
hsa-miR-204-5p,STX12
hsa-miR-210-3p,TOB2
hsa-miR-195-3p,SEMA6A
hsa-miR-488-5p,GSK3B
hsa-miR-744-5p,USP4
hsa-miR-454-3p,FOXO1
hsa-miR-1297,ATG9A
hsa-miR-484,ELK3
hsa-miR-187-3p,RHOG
hsa-miR-663a,PRDM4
hsa-miR-381-3p,RHOA
hsa-miR-483-5p,PHLPP2
hsa-miR-376a-5p,HOXA10
hsa-miR-20a-3p,KAT5
hsa-miR-939-5p,HMGN2
hsa-miR-615-3p,PADI2
hsa-miR-608,DDX3X
hsa-miR-1297,CTTN
hsa-miR-93-5p,BCL7A
hsa-miR-181b-3p,MMP7
hsa-miR-34a-5p,TGM2
hsa-miR-485-5p,MAP2K3
hsa-miR-494-3p,REPS2
hsa-miR-204-5p,PINK1
hsa-miR-4271,SRSF1
hsa-miR-623,ARID1A
hsa-miR-145-5p,MX1
hsa-miR-596,IL12RB2
hsa-miR-378a-3p,SP7
hsa-miR-374a-5p,PDK1
hsa-miR-485-3p,SOD2
hsa-miR-661,UBE3C
hsa-miR-410-3p,PRKCE
mmu-miR-142a-5p,RCAN1
hsa-miR-93-3p,PLD2
mmu-miR-155-5p,HDAC2
hsa-miR-16-5p,AMOTL1
hsa-miR-506-5p,TM4SF1
hsa-miR-342-3p,PPIF
mmu-miR-142a-5p,TFRC
hsa-miR-935,CCNG1
hsa-miR-32-5p,COPS5
hsa-miR-221-5p,PTBP1
hsa-miR-3196,NKX3-1
hsa-miR-214-5p,BCL2L1
hsa-miR-3941,VMP1
hsa-miR-573,LMNA
hsa-miR-23c,TRIM68
hsa-miR-34b-5p,TMEM184B
hsa-miR-18a-3p,BRD7
hsa-miR-34a-5p,PRDX6
mmu-miR-200c-3p,ATP7A
hsa-miR-411-5p,ABCG4
hsa-miR-340-5p,MEOX2
hsa-miR-1303,ATAD2
hsa-miR-449a,GLI3
hsa-let-7e-5p,VEGFA
hsa-miR-127-5p,CDC34
hsa-miR-127-5p,IFIT2
hsa-miR-138-5p,PPP2CB
hsa-miR-616-5p,LRRC4
hsa-miR-3127-5p,ILF3
hsa-miR-561-3p,SRR
hsa-miR-346,MFAP4
hsa-miR-454-3p,TERF2
hsa-miR-342-3p,ZNF395
hsa-miR-661,DFFA
hsa-miR-196a-5p,HGF
hsa-miR-532-5p,HAND2
hsa-miR-155-5p,MAP2K4
hsa-miR-625-5p,IFNB1
hsa-miR-758-3p,IFT88
hsa-miR-149-3p,AURKB
hsa-miR-654-5p,MAP4K3
hsa-miR-296-5p,NFYB
hsa-miR-548a-3p,EIF4A2
hsa-miR-146a-3p,TP53RK
hsa-miR-301a-3p,TRIM54
hsa-miR-329-3p,PINK1
mmu-miR-16-5p,CNR1
mmu-miR-218-5p,GJA1
hsa-miR-760,AFTPH
mmu-miR-133a-3p,PRKCE
mmu-miR-34a-5p,AGO2
hsa-miR-556-5p,API5
hsa-miR-106a-5p,MALT1
hsa-miR-675-5p,TNF
hsa-miR-193b-5p,UQCRFS1
hsa-miR-718,E2F2
hsa-miR-489-3p,SUZ12
hsa-miR-142-5p,TLN1
hsa-miR-448,CRMP1
rno-miR-218a-5p,STX12
hsa-miR-18a-5p,TOX
hsa-miR-34b-5p,ATP7A
hsa-miR-409-3p,TRADD
hsa-miR-487a-3p,IDO1
hsa-miR-200c-3p,SNCA
hsa-miR-663b,ADD3
hsa-miR-211-5p,CELF2
hsa-miR-105-5p,SAV1
hsa-miR-4271,ING5
hsa-miR-199a-3p,DDR1
hsa-miR-490-5p,MBNL1
mmu-miR-24-2-5p,CTBP1
hsa-miR-497-3p,PTK2
hsa-miR-520d-3p,TNFRSF10A
hsa-miR-616-5p,ADAM17
hsa-miR-30a-3p,NFIB
hsa-miR-152-3p,STMN1
rno-miR-19b-3p,IRF1
hsa-miR-892b,CHUK
hsa-miR-513a-3p,SNX6
hsa-miR-545-3p,PIEZO1
hsa-miR-21-5p,HUWE1
hsa-miR-22-3p,HS3ST2
hsa-miR-487b-3p,PIK3R2
hsa-miR-361-5p,CLEC5A
hsa-miR-520h,EFNA3
hsa-miR-1226-3p,MNT
hsa-miR-384,FGF20
rno-miR-125a-5p,DAXX
hsa-miR-665,PLXNB1
hsa-miR-637,HIF1AN
hsa-miR-31-3p,SMC1A
hsa-miR-17-3p,PTGER4
hsa-miR-152-5p,NOTCH4
hsa-miR-1224-5p,RNF2
hsa-miR-1181,PITX1
hsa-miR-138-5p,GREM1
hsa-miR-378b,KDM1B
hsa-miR-128-3p,E2F2
mmu-miR-218-5p,DOCK3
hsa-miR-324-5p,CXCL10
hsa-miR-16-1-3p,TAT
hsa-miR-526b-5p,HOXB8
hsa-miR-1181,PPM1E
hsa-miR-98-3p,UBE2A
hsa-miR-345-5p,APC
hsa-miR-367-3p,PSMD10
hsa-miR-664a-3p,ZFPM2
hsa-miR-148a-3p,KCNE1
hsa-miR-1283,TP63
hsa-miR-543,ITCH
hsa-miR-1269b,NOTCH1
mmu-miR-22-3p,YBX1
hsa-miR-200c-3p,ATG7
hsa-miR-367-3p,MTOR
hsa-miR-33a-3p,ERRFI1
hsa-miR-639,CXCL2
hsa-miR-99b-3p,GATA2
hsa-miR-29c-5p,ECT2
hsa-miR-337-3p,HCN4
hsa-miR-511-5p,BECN1
hsa-miR-941,MTOR
hsa-miR-183-5p,FOXJ2
hsa-miR-4273,PLAG1
hsa-miR-34a-3p,SF3B2
hsa-miR-548p,ANKRD46
hsa-miR-17-3p,WASF2
hsa-miR-129-5p,REL
hsa-miR-4722-5p,ANGPT2
hsa-miR-4653-3p,PPM1E
hsa-miR-377-3p,PDGFB
hsa-miR-153-3p,TNF
cfa-miR-218,JAZF1
hsa-miR-324-3p,ITGA5
hsa-miR-522-5p,CTDNEP1
hsa-miR-342-5p,NR1H3
mmu-miR-155-5p,BRD4
hsa-miR-20b-5p,MICA
hsa-miR-623,MYRF
hsa-miR-670-5p,CDK8
hsa-miR-654-5p,FOXC1
hsa-miR-590-3p,SFRP2
hsa-miR-132-3p,CADM1
hsa-miR-150-3p,RASA1
hsa-miR-129-1-3p,NES
hsa-miR-935,CELF2
hsa-miR-873-5p,SCNN1A
hsa-miR-149-3p,CCBE1
hsa-miR-3189-3p,FOXJ2
hsa-miR-129-2-3p,ACAT1
hsa-miR-200a-3p,SIGLEC8
hsa-miR-33a-5p,HYOU1
hsa-miR-93-5p,RNF2
hsa-miR-1908-5p,ZFP36
hsa-miR-4284,PRKCA
hsa-miR-342-3p,KDM6B
hsa-miR-1285-3p,ST3GAL1
hsa-miR-223-3p,RAB40B
hsa-miR-328-3p,CAND1
hsa-miR-198,LLGL1
hsa-miR-485-5p,SKI
hsa-miR-371a-5p,CCL7
hsa-miR-512-5p,HOXC8
hsa-miR-329-5p,PLXNC1
hsa-miR-200c-3p,KLB
hsa-miR-1293,CXCL5
hsa-miR-9-5p,SMO
hsa-miR-508-5p,SOX7
hsa-miR-10b-5p,EFNA3
hsa-miR-4782-3p,CRKL
hsa-miR-211-5p,S100A4
hsa-miR-32-5p,BECN1
hsa-miR-942-5p,KDM6B
hsa-miR-490-3p,ADD3
hsa-miR-629-5p,MUC4
hsa-miR-509-3p,REL
hsa-miR-216b-5p,BCL6
hsa-miR-10b-5p,TCF7
hsa-miR-559,KCNH1
hsa-miR-3127-5p,CRK
rno-miR-98-3p,MTPN
hsa-miR-542-3p,AFTPH
hsa-miR-187-3p,MYCBP
hsa-miR-337-5p,ZIC3
hsa-miR-93-5p,SWAP70
hsa-miR-20b-3p,CCL7
hsa-miR-766-3p,TREM2
hsa-let-7f-5p,PRDX6
hsa-miR-675-5p,KCNH1
hsa-miR-939-5p,CYC1
hsa-miR-31-3p,STAT6
hsa-miR-26b-5p,JARID2
hsa-miR-516a-3p,CXCL12
hsa-miR-299-3p,RRAS2
hsa-miR-515-5p,CTBP2
hsa-miR-455-5p,RARA
hsa-miR-23a-3p,REL
hsa-miR-432-5p,MT2A
hsa-miR-136-3p,USP14
hsa-miR-378a-3p,DNPEP
hsa-miR-556-5p,NRP2
hsa-let-7f-5p,NDST1
hsa-miR-146b-5p,TWIST2
hsa-miR-626,SLC1A2
hsa-miR-92b-3p,AMFR
hsa-miR-324-5p,USP9X
mmu-miR-509-3p,ST8SIA4
hsa-miR-758-3p,FAF1
hsa-miR-155-5p,SHMT2
hsa-miR-587,ACTC1
hsa-miR-497-5p,BMP4
hsa-miR-124-5p,STMN1
hsa-miR-1285-3p,DOCK3
hsa-miR-135b-3p,CNOT6L
hsa-miR-4653-3p,HOXB8
hsa-miR-505-3p,FOXN1
hsa-miR-185-5p,PPP3CA
hsa-miR-433-5p,SIKE1
hsa-miR-34c-5p,COPS8
hsa-miR-106b-5p,RPS23
hsa-let-7g-5p,CYB5A
hsa-miR-660-5p,IDO1
hsa-miR-1303,TPD52
hsa-miR-449a,PLAG1
hsa-miR-329-3p,SUZ12
hsa-let-7d-5p,POSTN
hsa-miR-10a-5p,EPHA2
hsa-miR-139-5p,GCM1
hsa-miR-4689,AP3B1
hsa-miR-20a-3p,CTDNEP1
hsa-miR-433-5p,TKT
hsa-miR-548p,GLS2
hsa-miR-590-3p,AFTPH
hsa-miR-195-3p,CCL5
hsa-miR-411-5p,LCOR
hsa-miR-223-3p,SYT1
hsa-miR-185-3p,SPTAN1
hsa-miR-625-5p,VAV2
hsa-miR-127-5p,TRAF3
hsa-miR-298,TAT
hsa-miR-106b-5p,ATP1A2
hsa-miR-208a-3p,BLVRB
mmu-miR-200c-3p,PROX1
hsa-miR-544a,HAS2
hsa-miR-587,TIMP2
rno-miR-200c-3p,MBNL1
hsa-miR-548m,MAPK7
hsa-miR-490-5p,FES
hsa-miR-365a-3p,SLC5A5
hsa-miR-135a-3p,ATP7A
hsa-miR-1-5p,BRD4
hsa-miR-298,TNFRSF10A
hsa-miR-424-3p,CTHRC1
hsa-miR-371a-3p,LRP5
hsa-miR-146a-3p,VDR
hsa-miR-3619-5p,REST
hsa-miR-127-3p,CXCR2
hsa-miR-4638-5p,PTGS2
hsa-miR-338-3p,AIFM3
hsa-miR-16-1-3p,TKT
hsa-miR-224-5p,DUSP1
hsa-miR-212-5p,PPP1R13L
hsa-miR-18b-5p,HOXA5
hsa-miR-224-5p,RHO
hsa-miR-550a-5p,S100A8
hsa-miR-1284,DOCK6
hsa-miR-1-3p,TBX19
hsa-miR-106b-5p,MMP8
hsa-miR-487b-3p,SOX4
hsa-miR-544a,EIF5A2
hsa-miR-125a-3p,PTGS2
hsa-miR-93-3p,CDC14A
hsa-let-7d-5p,KCNJ10
hsa-miR-559,PBXIP1
hsa-miR-2355-3p,HMOX1
hsa-miR-34a-3p,NRIP1
hsa-miR-548d-3p,SIAH2
hsa-miR-27a-3p,DOCK6
hsa-miR-136-5p,RUNX3
hsa-miR-363-3p,EGF
hsa-miR-518a-5p,LAMC2
hsa-let-7d-5p,COPS5
hsa-miR-488-5p,HCN4
hsa-let-7a-3p,DDX53
hsa-miR-1258,FOS
hsa-miR-4516,HADHB
hsa-miR-522-5p,TUBB3
hsa-miR-524-5p,WNT4
hsa-miR-23c,MUC1
hsa-miR-195-3p,PKD2
hsa-miR-150-5p,NDUFA4
hsa-miR-197-5p,IL18
hsa-miR-1226-3p,FNDC3B
hsa-miR-301b-3p,ZNRF3
hsa-miR-181b-2-3p,RNF2
hsa-miR-129-5p,PPP1CC
hsa-miR-663a,ILK
hsa-miR-410-3p,ERBB4
hsa-miR-639,CCND2
hsa-miR-17-5p,ELF4
hsa-miR-96-3p,RCBTB1
hsa-miR-539-5p,RHOA
hsa-miR-20a-5p,SRSF11
hsa-miR-762,PRKAB1
hsa-miR-204-3p,RBFOX2
hsa-miR-125b-5p,NFYB
hsa-miR-346,AURKB
hsa-miR-181c-5p,NOTCH1
hsa-miR-136-5p,PIEZO1
hsa-miR-432-5p,RERE
hsa-miR-582-5p,SPARC
hsa-miR-320b,TIMP1
hsa-miR-660-5p,COPS8
hsa-miR-625-5p,NCSTN
hsa-miR-371a-5p,PRDM16
hsa-miR-200b-3p,MAPK8IP1
hsa-miR-210-3p,GPD2
hsa-miR-4273,TSPAN1
hsa-miR-154-5p,SALL4
hsa-miR-526b-3p,STMN1
hsa-miR-939-5p,TGFBR3
hsa-miR-494-5p,CDX1
hsa-miR-218-2-3p,AURKA
hsa-miR-483-5p,FOSL2
hsa-miR-483-5p,ELF4
hsa-miR-122-5p,HAX1
hsa-miR-195-5p,MTOR
hsa-miR-1256,ESRRG
hsa-miR-3189-3p,ING1
hsa-miR-342-3p,DGUOK
mmu-miR-33-3p,SCRIB
hsa-miR-490-3p,CCNT2
hsa-miR-153-3p,CAPRIN1
hsa-miR-20b-5p,CRMP1
hsa-miR-27b-3p,LARP4
hsa-miR-639,CDC40
hsa-miR-192-5p,IGF2
hsa-miR-135a-3p,PEA15
hsa-miR-361-5p,HSPG2
rno-miR-200c-3p,ARRB2
hsa-miR-573,TP53RK
hsa-let-7e-5p,ATAD2
hsa-miR-129-2-3p,RASSF8
hsa-miR-16-1-3p,SOX6
hsa-miR-15a-5p,HMX1
hsa-miR-30a-3p,NR1H4
hsa-miR-545-3p,HNRNPA1
hsa-miR-187-3p,SMAD5
hsa-miR-421,FOXL2
hsa-miR-550a-5p,KDM6B
mmu-miR-16-5p,DUSP4
hsa-miR-452-5p,RAB27A
hsa-miR-200c-5p,HS3ST2
hsa-miR-503-5p,TFAP2A
hsa-miR-661,S100A1
hsa-miR-338-3p,NES
hsa-miR-582-3p,EFNA3
hsa-miR-374a-5p,FEN1
hsa-miR-4649-3p,CTTN
hsa-miR-296-5p,CAPNS1
hsa-miR-33a-3p,RPA1
hsa-miR-1180-3p,POSTN
hsa-miR-143-3p,JAZF1
mmu-miR-22-3p,ACVR1
hsa-miR-548a-5p,TNK2
hsa-miR-135b-3p,CSF1
hsa-miR-596,SWAP70
hsa-miR-30d-5p,DGUOK
hsa-miR-4271,UGT2B7
hsa-miR-20a-5p,PDPN
hsa-miR-30e-5p,MAT2B
hsa-miR-548p,JMY
hsa-let-7i-5p,TEAD4
hsa-miR-520g-3p,LRP2
hsa-miR-1269b,HDAC8
ptr-miR-182,TRIM27
hsa-miR-28-5p,WNT4
hsa-miR-504-5p,GFRA3
hsa-miR-31-3p,TIMP2
hsa-miR-1228-3p,BTG2
hsa-let-7g-3p,IL18
hsa-miR-873-5p,PLK1
hsa-miR-127-3p,TNFAIP1
hsa-let-7d-5p,CAMTA1
hsa-miR-542-5p,NOVA1
hsa-miR-371a-5p,TBK1
hsa-miR-381-5p,CAND1
hsa-miR-151a-3p,WNT2B
hsa-miR-182-5p,TGFA
hsa-let-7e-5p,MBNL1
hsa-miR-485-3p,ATP6V1B2
hsa-miR-32-5p,MEIS2
hsa-miR-425-5p,LOXL4
hsa-miR-346,CAPN6
hsa-miR-20b-3p,MZB1
hsa-miR-4722-5p,MCAT
hsa-miR-545-3p,ZNRF2
hsa-miR-31-5p,EIF4A2
hsa-miR-302d-3p,LACTB
mmu-miR-22-3p,ID1
hsa-miR-191-5p,IL12RB2
hsa-miR-599,FGF7
hsa-miR-15a-3p,MGMT
hsa-miR-874-3p,ANGPTL2
hsa-let-7g-3p,STK4
hsa-miR-3127-5p,IL13
hsa-miR-378a-3p,DOCK6
hsa-miR-718,MACC1
hsa-miR-623,KEAP1
hsa-miR-3188,CNR2
hsa-miR-519d-3p,TPPP
hsa-miR-15a-3p,ENPEP
hsa-miR-599,TNFRSF10B
hsa-miR-922,PDE4A
mmu-miR-16-5p,INSR
hsa-miR-152-5p,ARHGAP5
hsa-miR-29c-5p,GSR
hsa-miR-206,TAGLN2
hsa-miR-500a-5p,ITCH
mmu-miR-101a-3p,PDK4
hsa-miR-148a-3p,EFNA3
hsa-miR-639,ATG12
hsa-miR-744-5p,COL5A3
hsa-miR-1207-5p,WNK4
hsa-miR-490-3p,ADGRL4
hsa-miR-100-3p,CAT
hsa-miR-3940-5p,SLC31A1
hsa-miR-449a,NDUFA4
hsa-miR-526b-5p,SLC6A8
hsa-miR-494-3p,ATG9A
hsa-miR-10a-5p,RHOU
hsa-miR-185-3p,NLRC5
hsa-miR-361-5p,FOXQ1
hsa-miR-1284,ADAMTS9
hsa-miR-520h,BMP7
hsa-miR-139-3p,MCAM
hsa-miR-613,GALNT4
hsa-miR-181b-2-3p,FOXO4
ptr-miR-182,TRADD
hsa-miR-34b-5p,ADCY6
hsa-miR-135a-5p,QKI
hsa-miR-654-5p,GSE1
hsa-miR-744-5p,RRAS2
hsa-miR-127-5p,KRT5
hsa-miR-148a-5p,TIA1
hsa-miR-193a-3p,RPIA
hsa-miR-196a-5p,SIX1
hsa-miR-147a,LGALS9
hsa-miR-365a-3p,API5
hsa-miR-320c,MAT2B
hsa-miR-153-3p,GIT1
hsa-miR-215-5p,GRB2
hsa-miR-659-3p,MEOX2
hsa-miR-145-3p,AURKA
hsa-miR-550a-3p,CXCR2
hsa-miR-135b-3p,PAX3
hsa-miR-519a-3p,EYA2
hsa-miR-519a-3p,GBP2
hsa-miR-32-5p,FKBP1B
hsa-miR-875-5p,ADAR
hsa-miR-33a-5p,BMP6
hsa-miR-1224-5p,PTPN12
hsa-let-7b-5p,ECHS1
hsa-miR-433-5p,PPM1F
hsa-miR-500a-5p,FXN
hsa-miR-3162-3p,MYLK
hsa-miR-199b-5p,GLS2
hsa-miR-34a-3p,COL4A2
hsa-miR-488-5p,SLC6A8
hsa-miR-491-5p,LZTS1
hsa-miR-33a-3p,PRKAA1
hsa-miR-96-5p,MYLK
hsa-miR-490-3p,ITSN1
hsa-miR-200a-3p,CTBP2
hsa-miR-381-5p,MZB1
hsa-miR-302d-3p,SMO
hsa-miR-194-5p,DKK2
hsa-miR-194-5p,LRP5
mmu-miR-24-2-5p,CNR1
hsa-miR-9-5p,BCL3
hsa-miR-361-5p,TLR2
hsa-miR-1246,IL6
hsa-miR-126-5p,TP73
hsa-miR-4722-5p,TRAF6
hsa-miR-320b,FRAT2
hsa-miR-133a-3p,MXD1
hsa-miR-433-3p,BIRC5
hsa-miR-662,TNFRSF10A
hsa-miR-18a-3p,HIVEP2
hsa-miR-760,DNMT3B
hsa-miR-301a-3p,ID2
hsa-miR-23a-5p,SLC31A1
hsa-miR-613,FLT1
hsa-miR-504-5p,CCBE1
hsa-miR-23a-3p,SNX1
hsa-miR-362-5p,FXN
hsa-miR-30c-5p,PTGR1
hsa-miR-141-5p,KLF13
rno-miR-200c-3p,SRCIN1
hsa-miR-183-5p,ITGA6
hsa-miR-93-5p,TERF2
hsa-miR-455-5p,MEGF9
hsa-miR-93-5p,PREX2
mmu-miR-101a-3p,CD82
hsa-miR-483-5p,HGF
hsa-miR-147a,DDIT4
hsa-miR-196b-5p,HDAC6
hsa-miR-522-3p,MYOD1
hsa-miR-143-3p,ITGB1
hsa-miR-625-5p,CCBE1
hsa-miR-378a-5p,HNF4G
hsa-miR-1236-3p,SART3
hsa-miR-509-3-5p,MIF
hsa-miR-545-3p,BMP6
hsa-miR-211-5p,VDR
hsa-miR-92a-3p,NPTX1
hsa-miR-23a-5p,SELENON
hsa-miR-147a,EPHB1
hsa-miR-1283,PGM2
hsa-miR-130b-3p,PTMS
hsa-miR-29b-3p,INPPL1
hsa-miR-365a-3p,SNX6
hsa-miR-497-5p,PDPK1
hsa-miR-34c-5p,PTGER4
hsa-miR-30a-5p,TLR2
hsa-miR-136-5p,PXN
hsa-miR-524-5p,SOCS6
hsa-miR-96-3p,ANGPT2
hsa-miR-191-5p,POLD1
hsa-miR-379-5p,RAP2A
hsa-miR-194-5p,SLC6A4
hsa-miR-219a-5p,RPS6KA1
hsa-miR-625-3p,ZFAND4
hsa-miR-1224-5p,NFATC1
hsa-miR-200b-3p,SART3
hsa-miR-143-5p,TAT
cfa-miR-218,TYMS
hsa-miR-27a-3p,SOX6
hsa-let-7e-5p,TGFBR1
hsa-miR-224-5p,NR3C2
hsa-miR-30c-5p,CCL7
hsa-miR-145-3p,ADD3
hsa-miR-539-3p,IGFBP1
hsa-miR-194-3p,REPS2
hsa-miR-613,BMP6
hsa-miR-18a-3p,CDC25A
hsa-miR-196a-5p,CRMP1
hsa-miR-199b-3p,ZBTB2
hsa-miR-30a-3p,CCL5
hsa-miR-548i,SPHK1
mmu-miR-33-3p,G6PC3
hsa-miR-133a-5p,USP9X
hsa-miR-494-3p,NOX4
hsa-miR-212-3p,HDAC5
hsa-miR-335-3p,ELF4
hsa-miR-455-5p,SP2
hsa-miR-193a-5p,FAS
hsa-miR-152-5p,KLHL11
hsa-miR-376a-5p,TRIM2
hsa-miR-483-3p,TCEAL1
hsa-miR-494-5p,MUC4
hsa-miR-30b-5p,TRIM71
hsa-miR-107,ARRB2
hsa-miR-128-3p,BCL2L1
mmu-miR-429-3p,CCL5
hsa-miR-345-5p,HOXB4
mmu-miR-34a-5p,FGF1
hsa-miR-124-3p,CEMIP
hsa-miR-509-3-5p,PEG10
hsa-miR-92a-3p,ARHGEF25
hsa-miR-96-5p,GDF5
hsa-miR-139-5p,VCAN
hsa-miR-134-5p,RAD23B
hsa-miR-539-3p,PPP1CA
hsa-miR-339-5p,GPR55
hsa-miR-4782-3p,PTPN14
hsa-miR-711,EZH2
hsa-miR-3978,GAS1
hsa-miR-30d-5p,DRD2
hsa-miR-424-5p,IGFBP3
hsa-miR-887-3p,BCL9
mmu-miR-142a-5p,MAGEA3
hsa-miR-4295,ROCK2
hsa-miR-139-3p,DIMT1
hsa-miR-135b-3p,TGFA
hsa-miR-603,TCF4
hsa-miR-3622b-5p,ATG7
hsa-miR-24-1-5p,FOXP3
hsa-miR-198,MAP3K5
hsa-miR-940,FOXL2
hsa-miR-362-3p,INPPL1
hsa-miR-204-3p,TERF1
hsa-miR-22-3p,APOE
hsa-miR-509-3p,PPP1R13L
hsa-miR-33b-5p,PPP1CC
hsa-miR-652-3p,MAGEA2
hsa-miR-452-5p,RAB3B
hsa-miR-20a-3p,TNFRSF10A
hsa-miR-625-3p,PLD1
rno-miR-19a-3p,FAM83F
hsa-miR-200c-5p,SMYD3
hsa-miR-503-5p,HOXB8
hsa-miR-377-3p,SLC2A3
hsa-miR-544a,TGFBRAP1
hsa-miR-379-5p,ATP8A1
hsa-miR-338-3p,MUC13
hsa-miR-103a-3p,ADAMTS9
hsa-miR-337-5p,SATB2
hsa-let-7i-5p,CEBPB
hsa-miR-301a-3p,CREG1
mmu-miR-1192,PBRM1
hsa-miR-637,TTC13
rno-miR-218a-5p,SLC6A4
hsa-miR-423-3p,MEF2C
hsa-let-7f-5p,DLG1
hsa-miR-448,PITX1
hsa-miR-181b-3p,SPTAN1
hsa-miR-31-3p,E2F1
hsa-miR-155-5p,MAP3K5
hsa-miR-497-5p,BTG1
hsa-miR-30c-2-3p,CHEK1
hsa-miR-513a-3p,BTG1
hsa-miR-204-5p,NR2E1
hsa-miR-126-5p,TFAP2C
hsa-miR-146a-3p,ST3GAL1
hsa-miR-106a-5p,INPP5D
hsa-miR-378b,CDC40
hsa-miR-638,GSR
hsa-miR-505-3p,ST14
hsa-miR-100-5p,EIF2S1
hsa-miR-548i,NR2C2
hsa-miR-126-3p,TOP1
hsa-miR-497-5p,PDGFRA
hsa-miR-5582-5p,GSR
hsa-miR-409-3p,ID1
hsa-miR-944,PRDX3
hsa-miR-29a-3p,QKI
hsa-miR-652-3p,HIF1AN
hsa-miR-125b-1-3p,CSNK2A2
hsa-miR-10a-3p,PCLAF
hsa-miR-187-3p,EPHB1
hsa-miR-221-5p,APAF1
hsa-miR-133a-3p,IRF7
hsa-miR-499a-5p,TFCP2
mmu-miR-200c-3p,TOMM20
hsa-miR-219a-5p,IL6
hsa-miR-323a-3p,CHGA
hsa-miR-31-5p,ATF1
hsa-miR-1283,SPAG5
hsa-miR-190a-5p,TRIM71
hsa-miR-411-5p,SPRY2
hsa-miR-323a-3p,FNDC3B
hsa-miR-485-5p,ECM1
hsa-miR-659-3p,FASLG
hsa-miR-450b-5p,GAP43
hsa-miR-497-5p,PLAT
mmu-miR-133a-3p,PLXNC1
hsa-miR-4722-5p,STK40
hsa-miR-126-3p,EPAS1
hsa-miR-766-3p,TGFBI
hsa-miR-569,FGB
hsa-miR-802,CSNK2A2
mmu-miR-20a-5p,POLR1H
hsa-miR-302b-3p,PIK3C2A
hsa-miR-149-3p,TWF1
hsa-miR-129-5p,PTPRT
hsa-miR-106a-5p,WWP1
hsa-miR-942-5p,ATAD2
hsa-miR-372-3p,NOD2
hsa-miR-623,ARG2
hsa-miR-29b-3p,TTN
hsa-miR-545-3p,FLT1
hsa-miR-665,NR4A2
hsa-miR-182-5p,IL13
hsa-miR-509-5p,TCEAL9
hsa-miR-20a-3p,MAGEA2
hsa-miR-342-5p,SALL4
hsa-miR-1283,SKI
hsa-miR-548d-3p,ULK2
hsa-miR-410-3p,FSTL1
hsa-miR-497-3p,CTHRC1
hsa-miR-19a-3p,AGO2
hsa-miR-301a-3p,ATP1A2
hsa-miR-506-3p,DUSP1
hsa-miR-582-3p,MAT2A
hsa-miR-128-3p,LCN2
hsa-miR-193a-3p,ROCK2
hsa-miR-126-3p,IL10
hsa-miR-381-5p,ATG2B
hsa-miR-148a-3p,RHOA
hsa-miR-367-3p,NRIP1
rno-miR-98-3p,CPNE3
hsa-miR-33a-5p,PRKDC
hsa-miR-143-3p,CCP110
hsa-miR-409-3p,CCNE1
hsa-miR-4689,WWP1
hsa-miR-298,PER1
hsa-miR-493-3p,LIMK1
hsa-miR-1236-3p,PON1
hsa-miR-16-1-3p,PSME3
hsa-miR-34c-3p,HMGCR
hsa-miR-626,NRP2
hsa-miR-98-5p,ARHGEF19
hsa-miR-29b-3p,NOX4
hsa-miR-204-5p,MT1M
hsa-miR-30c-5p,ABCB5
hsa-miR-222-3p,PGM2
hsa-miR-625-3p,ALDH5A1
hsa-let-7g-3p,APLN
hsa-miR-638,DND1
hsa-miR-15b-3p,JAZF1
hsa-miR-185-5p,KCNH1
hsa-miR-491-5p,BCL9
hsa-miR-140-3p,DKK1
hsa-miR-203a-3p,DDIT4
hsa-miR-138-5p,OSBPL6
hsa-miR-378a-3p,MZF1
hsa-miR-339-5p,ETS1
hsa-miR-650,ABCA1
hsa-miR-218-2-3p,PPP1CC
hsa-miR-181a-5p,TKT
hsa-let-7f-5p,ACVR1
hsa-miR-542-5p,ATG4C
hsa-miR-520h,FZD4
hsa-let-7e-5p,INHBB
hsa-miR-320d,HOXB7
hsa-miR-455-5p,DSTYK
hsa-miR-335-5p,CDK2
hsa-miR-10b-5p,VDR
hsa-miR-612,ARHGDIB
hsa-miR-206,IGFBP5
hsa-miR-98-5p,YBX1
hsa-miR-613,VPS4B
hsa-miR-4701-5p,TCEAL1
hsa-miR-760,BAX
hsa-miR-532-5p,RASGRP1
hsa-miR-106a-5p,CTNND1
mmu-miR-133a-3p,VAV2
hsa-miR-95-3p,CD80
hsa-miR-2861,SERBP1
hsa-miR-613,CD80
